normalized_name,company_ids,original_names,fair_count,fair_names,same_fair_overlap,scenario,confidence,recommendation,duplicate_relation_count,country_ids,phones,websites,emails
ada kupa seramik ic dis,4964|5082|18371|20587|20588,ADA KUPA SERAMIK IÇ DIS TIC. LTD. STI. | ADA KUPA SERAMIK IÇ DIS TIC. LTD. STI. | Ada Kupa Seramik İç ve Dış Tic. Ltd. Şti. | ADA KUPA SERAMİK İÇ VE DIŞ TİC. LTD. ŞTİ. | Ada Kupa Seramik İç Dış Tic. Ltd. Şti.,4,Promosyon Show | Zuchex | İstanbul Kırtasiye Ofis Fuarı | İstanbul Oyuncak Fuarı,True,B,RISK,Manual review or relation dedupe,0,1,2166610232 | 5321528338,adaseramik.com | adaseramikkupa.com,info@adaseramik.com
cakmak ev gerecleri,5218|11268|20698|26113|30116,ÇAKMAK EV GEREÇLERİ SANAYİ VE TİC.  | ÇAKMAK EV GEREÇLERİ SANAYİ VE TİC. LTD.ŞTİ | ÇAKMAK EV GEREÇLERİ SAN. VE TİC. LTD. ŞTİ. | ÇAKMAK EV GEREÇLERİ SANAYİ VE TİC.LTD.ŞTİ. | CAKMAK EV GERECLERI SAN. TIC. LTD. STI.,4,HOST Istanbul Fuarı | Hardware Eurasia - Avrasya Uluslararası Hırdavat Fuarı | Yapı Fuarı İstanbul | Zuchex,True,B,RISK,Manual review or relation dedupe,0,1,35232140 | 3523214090,cakmakmetal.com,export@cakmakmetal.com | info@cakmakmetal.com | ozgur@cakmakmetal.com
nordmann rassmann turkey dis,2681|10654|13165|25741|31873,"NORDMANN RASSMANN TURKEY DIS TIC. A.S. | NORDMANN RASSMANN TURKEY DIS TIC. A.S. | NORDMANN, RASSMANN TURKEY DIŞ TiCARET A.Ş. | NORDMANN RASSMANN TURKEY DIŞ TİC. A.Ş. | NORDMANN RASSMANN TURKEY DIŞ TİC AŞ",4,Kauçuk Avrasya Fuarı | Paintistanbul & TURKCOAT  | Plast Eurasia İstanbul | RePlast Eurasia,True,B,RISK,Manual review or relation dedupe,0,1,2168080001 | 2168080012 | 2168080015 | 5315034476,nordmann.global,info-de@nordmann.global | info-tr@nordmann.global | info@nordmann.global | max@mustermann.de
seritcioglu izzet ancel seritcioglu,4608|18280|22328|28792|32401,SERITÇIOGLU SAN.VE TIC. IZZET ANCEL SERITÇIOGLU | SERITÇIOGLU SAN.VE TIC. IZZET ANCEL SERITÇIOGLU | SERITÇIOGLU SAN.VE TIC. IZZET ANCEL SERITÇIOGLU | ŞERİTÇİOĞLU SAN.VE TİC. İZZET ANCEL ŞERİTÇİOĞLU | ŞERİTÇİOĞLU SAN.VE TİC. İZZET ANCEL ŞERİTÇİOĞLU,3,WoodTech | İntermob | İstanbul Mobilya Fuarı,True,B,RISK,Manual review or relation dedupe,0,1,2122251120 | 5333465141 | 902122201120,seritcioglu.com,seritcioglu@seritcioglu.com
airbags plastik paz,6730|20596|20597|30154,AIRBAGS PLASTIK PAZ. SAN. VE TIC. LTD. STI. | AİRBAGS PLASTİK PAZ. SAN. VE TİC. LTD. ŞTİ.  | Airbags Plastik Paz. San. ve Tic. Ltd. Şti. | AİRBAGS PLASTİK PAZ. SAN. VE TİC. LTD. ŞTİ.,2,AYMOD - Ayakkabı Moda Fuarı | Zuchex,True,B,RISK,Manual review or relation dedupe,0,1,26250200 | 2625020090,airbagsplasik.com.tr | airbagsplastik.com.tr,airbags@airbagsplastik.com.tr
ariteks boyacilik,8972|22936|27513|34477,ariteks boyacilik | ARITEKS BOYACILIK TİCARET VE SAN.A.Ş. | ARITEKS BOYACILIK TİC. SAN. A.Ş. | Arıteks Boyacılık Tic. ve San. A.Ş.,3,IDEF | Motobike İstanbul Fuarı | İstanbul Hırdavat Fuarı,True,B,RISK,Manual review or relation dedupe,0,1,,ariteks.net | tr.ariteks.net,info@ariteksinfo.com | support@ariteksinfo.com
cagdas kagit ambalaj,1692|2310|21779|31325,ÇAĞDAŞ KAĞIT AMBALAJ SAN. VE TİC. LTD. ŞTİ. | ÇAGDAS KAGIT AMBALAJ SAN VE TIC LTD STI | ÇAGDAS KAGIT AMBALAJ SAN. VE TIC. LTD. STI. | ÇAĞDAŞ KAĞİT AMBALAJ SAN VE TİC LTD ŞTİ,3,AVRASYA PENCERE FUARI | Avrasya Ambalaj | Fespa Eurasia,True,B,RISK,Manual review or relation dedupe,0,1,2126741625 | 90212711,cagdaskagit.com,cagdaskagitambalaj@hs01.kep.tr | info@cagdaskagit.com | u003ecagdaskagitambalaj@hs01.kep.tr | u003einfo@cagdaskagit.com
forza iplik,1858|4728|24124|32448,FORZA IPLIK AS | FORZA İPLİK A.Ş. | FORZA İPLİK ANONİM ŞİRKETİ | FORZA İPLİK ANONİM ŞİRKETİ,2,CFE - Carpet and Flooring Expo | Uluslararası İstanbul İplik Fuarı,True,B,RISK,Manual review or relation dedupe,0,1,2128790825 | 3423234743 | 903423234743,forzajute.com,export@forzajute.com | info@forzajute.com | muhasebe@forzajute.com | pazarlama@forzajute.com
sulekler tekstil,4821|7842|8169|28954,SÜLEKLER TEKSTİL SAN VE TİC. A.Ş. | SÜLEKLER TEKSTİL SAN.VE TİC.A.Ş. | SÜLEKLER TEKSTIL | SULEKLER TEKSTIL SANAYI VE TICARET A.Ş.,3,HOMETEX | Texhibition İstanbul | Uluslararası İstanbul İplik Fuarı,True,B,RISK,Manual review or relation dedupe,0,1,2247149380,sulekler.com,esma_snl@hotmail.com | info@sulekler.com | infotex@sulekler.com | istanbul@sulekler.com
zeki mensucat,23688|24117|28823|31497,ZEKİ MENSUCAT SANAYİ VE TİCARET A.Ş. | ZEKİ MENSUCAT SANAYİ VE TİCARET A.Ş. | ZEKİ MENSUCAT SANAYİ VE TİCARET A.Ş. | ZEKİ MENSUCAT SANAYİ VE TİCARET A.Ş.,3,CFE - Carpet and Flooring Expo | HOMETEX | Uluslararası İstanbul İplik Fuarı,True,B,RISK,Manual review or relation dedupe,0,1,8503935300 | 908503935300,zekimensucat.com.tr,buraksavrun@zekimensucat.com.tr | info@zekimensucat.com.tr | santral@polyinnova.com.tr
altinsar tekstil,23603|28811|31420,ALTINSAR TEKSTİL SAN. VE TİC. A.Ş | ALTINSAR TEKSTİL  | ALTİNSAR TEKSTİL SAN. VE TİC. A.Ş,2,CFE - Carpet and Flooring Expo | HOMETEX,True,B,RISK,Manual review or relation dedupe,0,1,902762668181,altinsar.com | altinsar.com.tr,altinsar@altinsar.com | mailto@altinsar.com
arif alacam rulman,10908|11125|21349,ARIF ALAÇAM RULMAN TIC. VE SAN. LTD. STI. | ARİF ALAÇAM RULMAN TİC. VE SAN. LTD. ŞTİ. | ARIF ALAÇAM RULMAN TIC. VE SAN. LTD. STI.,2,Maden Türkiye Uluslararası Madencilik Fuarı | Maktek Avrasya,True,B,RISK,Manual review or relation dedupe,0,1,,,info@alacam.com.tr
arlon iplik,4691|7583|31716,ARLON İPLİK SAN. TİC. LTD. ŞTİ.   | ARLON İPLİK SAN.VE TİC.LTD.ŞTİ. | ARLON İPLİK SAN. TİC. LTD. ŞTİ.,2,Texhibition İstanbul | Uluslararası İstanbul İplik Fuarı,True,B,RISK,Manual review or relation dedupe,0,1,2126378006,arlontextile.com,export@arlontextile.com | info@arloniplik.com | info@arlontextile.com
beray grup ev gerecleri kalip,5195|20671|21033,BERAY GRUP EV GEREÇLERİ VE KALIP SAN. TİC. | BERAY GRUP EV GEREÇLERİ VE KALIP SAN. TİC. LTD. ŞTİ. | Beray Grup Ev Gereçleri ve Kalıp Sanayi Tic. Ltd. Şti.,2,HOST Istanbul Fuarı | Zuchex,True,B,RISK,Manual review or relation dedupe,0,1,2125971847,beraygrup.com | pamirplastik.com,info@beraygrup.com | info@pamirplastik.com
bilkim tibbi urunler,10847|13776|29088,BILKIM TIBBI URUNLER SAN. TIC. LTD. STI. | BİLKİM TIBBI ÜRÜNLER SAN. VE TİC. LTD. ŞTİ. | BİLKİM TIBBİ ÜRÜNLER,2,IDEX İSTANBUL | Istanbul Jewelry Show,True,B,RISK,Manual review or relation dedupe,0,1,2323297094,bilkimya.com | dissiad.org.tr,contact@bilkimya.com | info@bilkimya.com | sales@bilkimya.com | salih@bilkimya.com
byd magazacilik tekstil paz,1894|4609|31426,BYD MAGAZACILIK TEKSTIL PAZ. VE TIC. A.S. | BYD MAGAZACILIK TEKSTIL PAZ. VE TIC. A.S. | BYD MAĞAZACİLİK TEKSTİL PAZ. VE TİC. A.Ş.,2,CFE - Carpet and Flooring Expo | İstanbul Mobilya Fuarı,True,B,RISK,Manual review or relation dedupe,0,1,2128867789 | 902128868000,brillant.com,brillant.pazarlama@bydmgz.com | info@byddisticaret.com.tr | sertac.fidanci@brillife.com | yeliz.ayaz@bydmgz.com.tr
eko hali paz,1862|24283|31461,EKO HALI PAZ. SAN. TIC. LTD. STI. | EKO HALI PAZ. SAN. TİC. LTD. ŞTİ. | EKO HALİ PAZ. SAN. TİC. LTD. ŞTİ.,2,CFE - Carpet and Flooring Expo | İstanbul Mobilya Fuarı,True,B,RISK,Manual review or relation dedupe,0,1,902165900200,ekohali.com | onnorug.com,destek@ekohali.com | info@ekohali.com | info@ekohali.ru | info@essehali.com | info@onnorug.com | musteri.destek@ekohali.com | omer@onnorug.com | outletkeyap@ekohali.com
ender nonwovens,8147|23621|31462,ENDER NONWOVENS | ENDER NONWOVENS  SAN. TİC. A.Ş. | ENDER NONWOVENS  SAN. TİC. A.Ş.,2,CFE - Carpet and Flooring Expo | HOMETEX,True,B,RISK,Manual review or relation dedupe,0,1,902763333363,enfelt.com,ender@enfelt.com | info@endernonwoven.com | info@enfelt.com | sales@endernonwoven.com
feydas makina muhendislik,2445|25698|31859,FEYDAS MAKINA VE MÜHENDISLIK LTD. STI. | FEYDAŞ MAKİNA VE MÜHENDİSLİK LTD. ŞTİ. | FEYDAŞ MAKİNA VE MÜHENDİSLİK LTD.ŞTİ,2,Plast Eurasia İstanbul | RePlast Eurasia,True,B,RISK,Manual review or relation dedupe,0,1,3224280145 | 53094224,feydasmakina.com,export@feydasmakina.com | feydas@feydasmakina.com | info@feydasmakina.com
guleser tekstil,4016|8148|28863,GÜLESER TEKSTIL SAN. VE TIC.A.S. | GULESER TEKSTIL | GÜLESER TEKSTİL SANAYİ VE TİCARET A.Ş.,2,HOMETEX | İstanbul Mobilya Fuarı,True,B,RISK,Manual review or relation dedupe,0,1,2242612525,guleser.com,engin@guleser.com | guleser@guleser.com
gurisik yaglama cihazlari,12421|23029|34409,GÜRIŞIK YAĞLAMA CİHAZLARI A.Ş. | GÜRIŞIK YAĞLAMA CİHAZLARI SAN. VE TİC.A.Ş. | Gürışık Yağlama Cihazları San. ve Tic. A.Ş.,2,Automechanika İstanbul | İstanbul Hırdavat Fuarı,True,B,RISK,Manual review or relation dedupe,0,1,,gurisik.com,alain@gurisik.com.tr | bilgi@gurisik.com.tr | muhasebe@gurisik.com.tr | satis@gurisik.com.tr | servis@gurisik.com.tr | siparis@gurisik.com.tr
hascevher metal,17246|20848|26712,Hascevher Metal San. ve Tic A.Ş | Hascevher Metal A.Ş. | HASCEVHER METAL SAN. VE TİC. A.Ş.,2,Saha Expo | Zuchex,True,B,RISK,Manual review or relation dedupe,0,1,3442579570,hascevher.com.tr,hascevher@hascevher.com.tr | info@hascevher.com.tr | sejderha@hascevher.com.tr
hastek plas tekn otomasyon sist paz,2592|26204|32840,HASTEK PLAS. TEKN. OTOMASYON SIST. PAZ. SAN. TIC. LTD. STI. | HASTEK PLAS. TEKN. OTOMASYON SİST. PAZ. SAN. TİC. LTD. ŞTİ. | HASTEK PLAS. TEKN. OTOMASYON SİST. PAZ. SAN. TİC. LTD. ŞTİ,2,Plast Eurasia İstanbul | RePlast Eurasia,True,B,RISK,Manual review or relation dedupe,0,1,2126716050,hastek.com.tr,bilgi@hastek.com.tr | info@hastek.com.tr
infomak mekatronik,3210|14444|29636,INFOMAK MEKATRONİK SANAYİ VE TİCARET | İNFOMAK MEKATRONİK | INFOMAK MEKATRONİK,2,Proses Zirvesi ve Sergisi | WIN EURASIA,True,B,RISK,Manual review or relation dedupe,0,1,2164110745 | 902164110745,infomak.com.tr,info@infomak.com.tr
inter abrasiv,6237|23042|34444,INTER ABRASIV SANAYI VE TICARET A.S. | İNTER ABRASİV SAN.VE TİC.A.Ş. | Inter Abrasiv San. ve Tic. A.Ş.,2,Hardware Eurasia - Avrasya Uluslararası Hırdavat Fuarı | İstanbul Hırdavat Fuarı,True,B,RISK,Manual review or relation dedupe,0,1,2362131111,interabrasive.com,info@interabrasive.com
intesa global tekstil,1966|4750|4925,INTESA GLOBAL TEKSTIL SAN. VE TIC. LTD. STI. | İNTESA GLOBAL TEKSTİL SAN. VE TİC. LTD. ŞTİ. | INTESA GLOBAL TEKSTIL SAN. VE TIC. LTD. STI.,2,CFE - Carpet and Flooring Expo | Uluslararası İstanbul İplik Fuarı,True,B,RISK,Manual review or relation dedupe,0,1,2124819842,,info@intesagts.com
isb baglanti elemanlari,6239|12899|25453,ISB BAGLANTI ELEMANLARI SAN. TIC. LTD. STI. | ISB BAGLANTI ELEMANLARI SAN. TIC. LTD. STI. | İSB BAĞLANTI ELEMANLARI SAN. TİC. LTD. ŞTİ.,2,Fastener Expo Eurasia Fuarı | Hardware Eurasia - Avrasya Uluslararası Hırdavat Fuarı,True,B,RISK,Manual review or relation dedupe,0,1,3128151345 | 8151344,isbfasteners.com,info@isbfasteners.com
iskur tekstil enerji,4838|4935|7898,İSKUR TEKSTİL ENERJİ TİCARET SANAYİ A.Ş. | ISKUR TEKSTIL ENERJI TICARET SANAYI A.S. | İSKUR TEKSTİL ENERJİ TİC.VE SAN.A.Ş.,2,Texhibition İstanbul | Uluslararası İstanbul İplik Fuarı,True,B,RISK,Manual review or relation dedupe,0,1,3442362000,iskur.com,mail@iskur.com | mail@iskurmarketing.com
izmiryildiz orman urun ins taah mak,3773|18333|31563,IZMIRYILDIZ ORMAN ÜRÜN INS TAAH MAK SAN TIC LTD STI | IZMIRYILDIZ ORMAN ÜRÜN INS TAAH MAK SAN TIC LTD STI | İZMİRYILDIZ ORMAN ÜRÜN İNŞ TAAH MAK SAN TİC LTD ŞTİ,2,KARAVANİST İstanbul | İntermob,True,B,RISK,Manual review or relation dedupe,0,1,2328771045,venni.com.tr,info@izmiryildiz.com.tr | info@venni.com.tr
izvar ambalaj,22167|34186|34748,IZVAR AMBALAJ SAN. TIC. A.S. | İZVAR AMBALAJ SAN. TİC. A.Ş. | IZVAR AMBALAJ SAN. TIC. A.S.,2,Adhesives and Bonding Eurasia | Avrasya Ambalaj,True,B,RISK,Manual review or relation dedupe,0,1,2166802080,izvar.com,info@izvar.com. | sales@izvar.com
kimteks kimya tekstil urunleri,2631|2805|13150,KİMTEKS KİMYA TEKSTİL ÜRÜNLERİ SAN. TİC. A.Ş. | KIMTEKS KIMYA TEKSTIL ÜRÜNLERI SAN. TIC. A.S. | KiMTEKS KiMYA TEKSTiL ÜRÜNLERi TiC. A.Ş,2,Paintistanbul & TURKCOAT  | Plast Eurasia İstanbul,True,B,RISK,Manual review or relation dedupe,0,1,2123252595,kimteks.com.tr,info@kimteks.com.tr | pazarlama@kimteks.com.tr | portal@kimteks.com.tr
linea hali,1981|28915|32465,LINEA HALI SAN. VE TIC. LTD. STI. | LİNEA HALI | LİNEA HALİ SAN. VE TİC. LTD. ŞTİ.,2,CFE - Carpet and Flooring Expo | HOMETEX,True,B,RISK,Manual review or relation dedupe,0,1,903424771030,lineacarpet.com,info@lineacarpet.com
made plastik,6246|23070|34452,MADE PLASTIK SAN. VE TIC. LTD. STI. | MADE PLASTİK SANAYİ VE TİC. LTD.ŞTİ. | Made Plastik San. ve Tic. Ltd. Şti.,2,Hardware Eurasia - Avrasya Uluslararası Hırdavat Fuarı | İstanbul Hırdavat Fuarı,True,B,RISK,Manual review or relation dedupe,0,1,2124860071,madedubel.com,info@madedubel.com
mia metal,6251|12976|25464,MIA METAL SANAYI VE TICARET LIMITED SIRKETI | MIA METAL SANAYI VE TICARET LIMITED SIRKETI | MİA METAL SANAYİ VE TİCARET LİMİTED ŞİRKETİ,2,Fastener Expo Eurasia Fuarı | Hardware Eurasia - Avrasya Uluslararası Hırdavat Fuarı,True,B,RISK,Manual review or relation dedupe,0,1,2164308630,miametal.com | miasistem.com,info@miametal.com | info@miasistem.com
miss betty mim ev gerecleri,5335|20957|23710,MISS BETTY (MIM EV GEREÇLERI SAN. VE TIC. LTD. STI.) | MİSS BETTY (MİM EV GEREÇLERİ SAN. VE TİC. LTD. ŞTİ.) | MİSS BETTY (MİM EV GEREÇLERİ SAN. VE TİC. LTD. ŞTİ.),2,HOST Istanbul Fuarı | Zuchex,True,B,RISK,Manual review or relation dedupe,0,1,21265920 | 902126592090,miss-betty.com | missbetty.com,hisevim@miss-betty.com | info@miss-betty.com | info@missbetty.com
nigtas,2679|2797|13164,NİĞTAŞ A.Ş. | NIGTAS A.S. | NiĞTAŞ ANONiM ŞiRKETi,2,Paintistanbul & TURKCOAT  | Plast Eurasia İstanbul,True,B,RISK,Manual review or relation dedupe,0,1,3882141500 | 5321350426 | 5336799162,nigtas.com,info@nigtas.com | marketing@nigtas.com | procurement@nigtas.com
ningbo zentec air conditioning refrigeration co,716|727|728,"NINGBO ZENTEC AIR CONDITIONING REFRIGERATION CO., LTD | NINGBO ZENTEC AIR CONDITIONING REFRIGERATION CO., LTD | NINGBO ZENTEC AIR CONDITIONING REFRIGERATION CO., LTD",1,ISK-SODEX,True,B,RISK,Manual review or relation dedupe,0,1,8657489079912,airandus.com | controa.com | zengo.com.cn,sales@livinparts.com | sales@zengo.com.cn
nipas tekstil,4938|7777|24109,NIPAS TEKSTIL SANAYI VE TICARET ANONIM SIRKETI | NİPAŞ TEKSTİL SAN.VE TİC. | NİPAŞ TEKSTİL SANAYİ VE TİCARET ANONİM ŞİRKETİ,2,Texhibition İstanbul | Uluslararası İstanbul İplik Fuarı,True,B,RISK,Manual review or relation dedupe,0,1,3442579380 | 53350404,nipastextile.com,info@nipastextile.com
novussi fatih plastik,20992|24349|26637,Novussi Fatih Plastik San. ve Tic. Ltd. Şti. | NOVUSSİ FATİH PLASTİK SAN. TİC. LTD. ŞTİ. | NOVUSSİ FATİH PLASTİK SAN. VE TİC. LTD. ŞTİ. ,2,Zuchex | İstanbul Mobilya Fuarı,True,B,RISK,Manual review or relation dedupe,0,1,3523214070,novussi.com,export@novussi.com | info@novussi.com
orion deri,4549|11560|24403,ORION DERI SAN. VE TIC. LTD. STI. | ORİON DERİ SANAYİ VE TİC. LTD. ŞTİ. | ORİON DERİ SAN. VE TİC. LTD. ŞTİ.,2,BusWorld | İstanbul Mobilya Fuarı,True,B,RISK,Manual review or relation dedupe,0,1,2122215568,orionderi.com.tr,info@orionderi.com.tr | orion@orionderi.com.tr
redon teknoloji,14140|18056|29266,REDON TEKNOLOJİ A.Ş. | REDON TEKNOLOJI A.S. | REDON TEKNOLOJİ,2,IDEX İSTANBUL | Maktek Avrasya,True,B,RISK,Manual review or relation dedupe,0,1,2164737372 | 5396695552,redon.com,ik@redon.com | info@redon.com | info@redon.comkayitli | servis@redon.com
sa ra enerji ins,6279|12992|25478,SA-RA ENERJI INS. TIC.SAN.A.S. | SA-RA ENERJI INS. TIC.SAN.A.S. | ŞA-RA ENERJİ İNŞ. TİC.SAN.A.Ş.,2,Fastener Expo Eurasia Fuarı | Hardware Eurasia - Avrasya Uluslararası Hırdavat Fuarı,True,B,RISK,Manual review or relation dedupe,0,1,3223934785,sara.com.tr,info@sara.com.tr
safir cam mamulleri ins,5387|5388|21071,SAFIR CAM MAMÜLLERI INS. TIC. VE SAN. LTD. STI. | SAFİR CAM MAMÜLLERİ İNŞ. TİC. | SAFİR CAM MAMÜLLERİ İNŞ. TİC. VE SAN. LTD. ŞTİ. ,2,HOST Istanbul Fuarı | Zuchex,True,B,RISK,Manual review or relation dedupe,0,1,4445829,safircam.com,info@safircam.com
sahan kardesler tekstil hali,1886|23673|32474,SAHAN KARDESLER TEKSTIL HALI SAN. VE TIC. LTD. STI. | ŞAHAN KARDEŞLER TEKSTİL HALI SAN. VE TİC. LTD. ŞTİ. | ŞAHAN KARDEŞLER TEKSTİL HALİ SAN. VE TİC. LTD. ŞTİ.,1,CFE - Carpet and Flooring Expo,True,B,RISK,Manual review or relation dedupe,0,1,903423570535,sahancarpet.com,info@sahancarpet.com | muhasebe@sahancarpet.com
sahbaz isi,5391|21074|23712,SAHBAZ ISI SAN. TIC. A.S. | ŞAHBAZ ISI SAN. VE TİC. A.Ş. | ŞAHBAZ ISI SAN. TİC. A.Ş.,2,HOST Istanbul Fuarı | Zuchex,True,B,RISK,Manual review or relation dedupe,0,1,3523220040 | 903523220040,sahbaz.com.tr,info@sahbaz.com.tr
sam yapi,23550|32763|32848,SAM YAPI ANONIM SIRKETI | ŞAM YAPİ ANONİM ŞİRKETİ | ŞAM YAPI ANONİM ŞİRKETİ,2,Plast Eurasia İstanbul | RePlast Eurasia,True,B,RISK,Manual review or relation dedupe,0,1,2643595250 | 905331690940,csrplastic.com,info@csrplastic.com
saray madeni esya,5395|21079|26754,SARAY MADENİ EŞYA SAN. TİC. LTD. ŞTİ. | Saray Madeni Eşya Sanayi ve Tic. Ltd. Şti. | SARAY MADENİ EŞYA SAN. TİC.  LTD. ŞTİ.,2,HOST Istanbul Fuarı | Zuchex,True,B,RISK,Manual review or relation dedupe,0,1,3523213990,saraymetal.com,info@saraymetal.com
sempa pompa makina,199|17689|32313,SEMPA POMPA MAKİNA A.S. | SEMPA POMPA MAKİNA A.Ş. | SEMPA POMPA MAKİNA A.Ş.,2,ISK-SODEX | Saha Expo,True,B,RISK,Manual review or relation dedupe,0,1,33234532 | 3323453290 | 903323453290,sempapompa.com,info@sempaltd.com | info@sempapompa.com | insankaynaklari@sempapompa.com
sencam cam kozmetik imalat,5400|21093|23713,SENCAM CAM KOZMETIK IMALAT SAN. VE TIC. LTD. STI. | ŞENCAM CAM KOZMETİK İMALAT SAN. VE TİC. LTD. ŞTİ.  | ŞENCAM CAM KOZMETİK İMALAT SAN. VE TİC. LTD. ŞTİ.,2,HOST Istanbul Fuarı | Zuchex,True,B,RISK,Manual review or relation dedupe,0,1,,sencamsanayi.com,info@sencamsanayi.com
simar dis,6312|12997|25498,SIMAR DIS TIC. LTD. STI | SIMAR DIS TIC. LTD. STI | SİMAR DIŞ TİC. LTD. ŞTİ,2,Fastener Expo Eurasia Fuarı | Hardware Eurasia - Avrasya Uluslararası Hırdavat Fuarı,True,B,RISK,Manual review or relation dedupe,0,1,2123202536,simar.com.tr | simarfastener.com,marcel.m@simar.com.tr
superior conta,184|12301|29971,SUPERIOR CONTA | SUPERIOR CONTA | SÜPERİOR CONTA,2,Automechanika İstanbul | ISK-SODEX,True,B,RISK,Manual review or relation dedupe,0,1,2423161658,snpautomotive.com | superiorconta.com.tr,info@superiorconta.com.tr | media@snpautomotive.com | sales1@superiorconta.com.tr | sales2@superiorconta.com.tr | sales3@superiorconta.com.tr | snpgroup@snpautomotive.com
tila hali tekstil ith ihr,1866|23678|31480,TILA HALI TEKSTIL ITH.IHR.SAN.TIC.LTD.STI | TİLA HALI TEKSTİL İTH.İHR.SAN.TİC.LTD.ŞTİ | TİLA HALİ TEKSTİL İTH.İHR.SAN.TİC.LTD.ŞTİ,1,CFE - Carpet and Flooring Expo,True,B,RISK,Manual review or relation dedupe,0,1,905330707333,nmsnurmakina.com,export@tilahali.com.tr | info@nmsnurmakina.com | info@tilahali.com.tr | muhasebe@tilahali.com.tr
turkyilmaz ozel egitim kurumlari,24041|24042|24043,Türkyılmaz Özel Eğitim Kurumları | Türkyılmaz özel eğitim kurumları ltd şti | Türkyilmaz özel eğitim kurumları limited şirketi,1,Atrax,True,B,RISK,Manual review or relation dedupe,0,1,5458529616 | 5533006853 | 5535330430,,aysegulturkyilmaz90@gmail.com | sefer.6868@gmail.com | sinegultekin@gmil.com
universal tekstil,7863|8614|19217,UNİVERSAL TEKSTİL SANAYİ VE TİC.LTD.ŞTİ | UNIVERSAL TEKSTIL SANAYI VE TIC.LTD.STI | UNIVERSAL TEKSTİL SANAYİ VE TİC.LTD.ŞTİ,2,HOMETEX | Texhibition İstanbul,True,B,RISK,Manual review or relation dedupe,0,1,,universaltextile.com.tr,info@universaltextile.com.tr | s.buyukarslan@universaltextile.com.tr
unsal makina,14565|19713|29695,ÜNSAL MAKİNA | ÜNSAL MAKINA SAN.TIC.A.S. | UNSAL MAKINA,2,Ankiros | WIN EURASIA,True,B,RISK,Manual review or relation dedupe,0,1,903523220192,unsalmakina.com.tr,bilgi@unsalmakina.com.tr | info@uksunsal.com | samet.sirin@unsalmakina.com.tr
vinola ankastre mutfak urunleri,5416|21182|23717,VINOLA ANKASTRE MUTFAK ÜRÜNLERI SAN. TIC. A.S. | VİNOLA ANKASTRE MUTFAK ÜRÜNLERİ SAN. TİC. A.Ş. | VİNOLA ANKASTRE MUTFAK ÜRÜNLERİ SAN. TİC. A.Ş.,2,HOST Istanbul Fuarı | Zuchex,True,B,RISK,Manual review or relation dedupe,0,1,3585142929 | 903585142929,vinola.com,info@vinola.com
vis vidasan vida,6296|13006|26125,VIS VIDASAN VIDA SAN. VE TIC. LTD. STI. | VIS VIDASAN VIDA SAN. VE TIC. LTD. STI. | VİS VİDASAN VİDA SAN. VE TİC. LTD. ŞTİ.,2,Fastener Expo Eurasia Fuarı | Hardware Eurasia - Avrasya Uluslararası Hırdavat Fuarı,True,B,RISK,Manual review or relation dedupe,0,1,2126232706 | 5323450847,vidasan.com,info@vidasan.com
vizyon vida kovan makina imalat,2768|2916|31868,VİZYON VİDA KOVAN MAKİNA İMALAT SAN. VE TİC. LTD. ŞTİ | VIZYON VIDA KOVAN MAKINA IMALAT SAN. VE TIC. LTD. STI. | VİZYON VİDA KOVAN MAKİNA İMALAT SAN VE TİC LTD ŞTİ,2,Plast Eurasia İstanbul | RePlast Eurasia,True,B,RISK,Manual review or relation dedupe,0,1,2124070600,vizyonvida.com,info@vizyonvida.com | sales@vizyonvida.com
yukselen celik,17888|18010|25092,YÜKSELEN ÇELİK A.Ş. | YÜKSELEN ÇELIK | YUKSELEN CELIK A.S.,2,METAL EXPO EURASIA İSTANBUL | Saha Expo,True,B,RISK,Manual review or relation dedupe,0,1,2128861133,yukselen.com,invest@yukselen.com | satis@yukselen.com
3s medikal,13696|29044,3S MEDİKAL TİC. LTD. ŞTİ. | 3S MEDİKAL,1,IDEX İSTANBUL,True,B,RISK,Manual review or relation dedupe,0,1,2323685410,3smedikal.com,info@3smedikal.com
abdulkadir ozoglan savan imalati ticareti,23598|31521,ABDÜLKADİR ÖZOĞLAN SAVAN İMALATI VE TİCARETİ | ABDÜLKADİR ÖZOĞLAN SAVAN İMALATİ VE TİCARETİ,1,CFE - Carpet and Flooring Expo,True,B,RISK,Manual review or relation dedupe,0,1,905326828365,vahdetdokuma.com,info@vahdetdokuma.com | vahdetkilim@hotmail.com
aga mobilya ins,4628|24236,AGA MOBILYA INS. SAN. LTD. STI. | AĞA MOBİLYA İNŞ. SAN. LTD. ŞTİ.,1,İstanbul Mobilya Fuarı,True,B,RISK,Manual review or relation dedupe,0,1,3762132342,nevimobilya.com,info@nevimobilya.com | turgay@nevimobilya.com
agrozan tarim urunleri gida urunleri ith ihr,18491|30268,AGROZAN TARIM ÜRÜNLERI GIDA ÜRÜNLERI ITH. IHR. SAN. VE TIC. LTD. ŞTI. | AGROZAN TARIM ÜRÜNLERi GIDA ÜRÜNLERi  iTH. iHR. SAN. VE TiC. LTD. ŞTi.,1,World Food İstanbul ,True,B,RISK,Manual review or relation dedupe,0,1,,,careers@agrozan.com | info@agrozan.com | turkey@agrozan.com
akdemir group,13713|29050,AKDEMİR GROUP | AKDEMİR GROUP,1,IDEX İSTANBUL,True,B,RISK,Manual review or relation dedupe,0,1,2125310102,cowellmediturkey.com,h.denizakdemir@hotmail.com | info@cowellmediturkey.com
akme dis deposu,13714|29051,AKME DİŞ DEPOSU LTD. ŞTİ. | AKME DİŞ DEPOSU,1,IDEX İSTANBUL,True,B,RISK,Manual review or relation dedupe,0,1,3124307346,akmedisdeposu.com,akmedisdeposu@windowslive.com | info@akmedisdeposu.com
aksoy plastik makina,2466|31113,AKSOY PLASTIK VE MAKINA SAN. TIC. LTD. STI. | AKSOY PLASTiK VE MAKiNA SAN. TiC. LTD. ŞTi.,1,Plast Eurasia İstanbul,True,B,RISK,Manual review or relation dedupe,0,1,2165188333 | 902165188333,aksoymakine.com,info@aksoymakine.com
akspa tekstil,7578|19113,AKSPA TEKSTIL SAN VE TIC LTD STI | AKSPA TEKSTİL SAN VE TIC LTD STI,1,Texhibition İstanbul,True,B,RISK,Manual review or relation dedupe,0,1,,akspatextile.com,info@akspatextile.com | international@akspatextile.com
alp plastik kalip,20963|20965,Alp Plastik Kalıp Sanayi ve Ticaret Ltd. Şti. | ALP PLASTİK KALIP SAN. VE TİC. LTD. ŞTİ.,1,Zuchex,True,B,RISK,Manual review or relation dedupe,0,1,2128752646 | 2128752666,moonstar.com.tr | motektemizlik.com,info@moonstar.com.tr
alpay dis deposu,13721|29054,ALPAY DİŞ DEPOSU LTD. ŞTİ. | ALPAY DİŞ DEPOSU,1,IDEX İSTANBUL,True,B,RISK,Manual review or relation dedupe,0,1,2125341724,alpaydis.com.tr,alpaydis@alpaydis.com.tr
alternatif medikal,13722|29055,ALTERNATİF MEDİKAL SAN. VE TİC. LTD. ŞTİ. | ALTERNATİF MEDİKAL,1,IDEX İSTANBUL,True,B,RISK,Manual review or relation dedupe,0,1,2324467470,alternatifmedikal.com,info@alternatifmed.com.tr | muhasebe@alternatifmed.com.tr | planet@alternatifmedikal.com
altin ates kimya,2421|32742,ALTIN ATES KIMYA A.S. | ALTİN ATEŞ KİMYA A.Ş.,1,Plast Eurasia İstanbul,True,B,RISK,Manual review or relation dedupe,0,1,2163841065 | 902163841065,altinates.com.tr,altinates@altinates.com.tr
altuntas hali kilim,1890|32439,ALTUNTAS HALI KILIM SAN. TIC. VE LTD. STI. | ALTUNTAŞ HALİ KİLİM SAN. TİC. VE LTD. STİ.,1,CFE - Carpet and Flooring Expo,True,B,RISK,Manual review or relation dedupe,0,1,905322623561,altuntaskilim.com.tr,info@altuntaskilim.com.tr | sales@altuntaskilim.com.tr
anadolu capa dental,13723|29056,ANADOLU ÇAPA DENTAL SAN. VE TİC. LTD. ŞTİ. | ANADOLU ÇAPA DENTAL,1,IDEX İSTANBUL,True,B,RISK,Manual review or relation dedupe,0,1,2164212120,dentalanadolu.com,canert@dentalanadolu.com | info@capadental.com | info@dentalanadolu.com
anako yumurta ur gid ihr ith,18529|30227,ANAKO YUMURTA VE ÜR. GID. SAN. IHR. ITH. VE TIC. A.Ş. | ANAKO YUMURTA VE ÜR. GID. SAN. iHR. iTH. VE TiC. A.Ş.,1,World Food İstanbul ,True,B,RISK,Manual review or relation dedupe,0,1,3124195260,,bilgi@anako.com.tr
anhui light industries international co,26605|26972,"ANHUI LIGHT INDUSTRIES INTERNATIONAL CO., LTD. | ANHUI LIGHT INDUSTRIES INTERNATIONAL CO.,LTD.",1,Zuchex,True,B,RISK,Manual review or relation dedupe,0,1,,alic.com | ww.alic.com,chunyan_niu@alic.com | yang_zhengmao@alic.com
antalya bora dis deposu,13726|29058,ANTALYA BORA DİŞ DEPOSU SAN. TİC. LTD. ŞTİ. | ANTALYA BORA DİŞ DEPOSU,1,IDEX İSTANBUL,True,B,RISK,Manual review or relation dedupe,0,1,2422448269,boradental.com.tr,burak@boradental.com.tr | info@boradental.com.tr
antebi orme,8907|15174,ANTEBI ÖRME SAN.ve TIC.A.S. | ANTEBI ÖRME SAN.ve TIC.A.S.,1,IFCO - Hazır Giyim ve Moda Fuarı,True,B,RISK,Manual review or relation dedupe,0,1,,antebies.com | volumex.com.tr,hello@antebies.com | info@volumex.com
art carpet,1868|32440,ART CARPET SAN. VE TIC. A.S. | ART CARPET SAN. VE TİC. A.Ş.,1,CFE - Carpet and Flooring Expo,True,B,RISK,Manual review or relation dedupe,0,1,903423379637,artcarpet.com,export@artcarpet.com | info@artcarpet.com | sales@artcarpet.com
ati ileri teknoloji,13742|29068,ATİ İLERİ TEKNOLOJİ SAN. TİC. AŞ. | ATİ İLERİ TEKNOLOJİ,1,IDEX İSTANBUL,True,B,RISK,Manual review or relation dedupe,0,1,2222280196,atiteknoloji.com,info@atiteknoloji.com | murat@atiteknoloji.com
atilim dis deposu,13741|29067,ATILIM DİŞ DEPOSU SAN. VE TİC. LTD. ŞTİ. | ATILIM DİŞ DEPOSU,1,IDEX İSTANBUL,True,B,RISK,Manual review or relation dedupe,0,1,3224592957,atilimdisdeposu.com.tr,info@atilimdisdeposu.com.tr
atlas dis deposu,13745|29069,ATLAS DİŞ DEPOSU | ATLAS DİŞ DEPOSU,1,IDEX İSTANBUL,True,B,RISK,Manual review or relation dedupe,0,1,2124911046,,atlasdental@gmail.com
aydoganlar dis deposu,13751|29073,AYDOĞANLAR DİŞ DEPOSU | AYDOĞANLAR DİŞ DEPOSU,1,IDEX İSTANBUL,True,B,RISK,Manual review or relation dedupe,0,1,3124323148,dentaldunyasi.com,aydoganlarmuhasebe@gmail.com | dentaldunyasi@gmail.com | info@dentaldunyasi.com
baki ahsap mobilya orman nak,2226|32409,BAKI AHSAP MOBILYA ORMAN NAK. SAN. TIC. LTD. STI | BAKİ AHŞAP MOBİLYA ORMAN NAK. SAN. TİC. LTD. ŞTİ,1,AVRASYA KAPI FUARI,True,B,RISK,Manual review or relation dedupe,0,1,905326307042,bakiahsap.com.tr | bakiorman.com,info@bakiahsap.com.tr
basak dental,13762|29081,BAŞAK DENTAL SAN. VE TİC. LTD.ŞTİ. | BAŞAK DENTAL,1,IDEX İSTANBUL,True,B,RISK,Manual review or relation dedupe,0,1,2124513955,bartmedical.com | dentalticaret.com,bilgi@dentalticaret.com | info@racheldent.com | mehmetkassap@gmail.com | sales@bartmedical.com | sales@racheldent.com
basar gida,21638|31288,BASAR TICARET VE GIDA SAN. A.S | BAŞAR TİCARET VE GİDA SAN. A.Ş.,1,Avrasya Ambalaj,True,B,RISK,Manual review or relation dedupe,0,1,2124852929 | 902124852929,basarticaret.com,basar@basarticaret.com
basatli boru profil,17923|31007,BASATLI BORU PROFIL | BAŞATLI BORU PROFİL,1,METAL EXPO EURASIA İSTANBUL,True,B,RISK,Manual review or relation dedupe,0,1,,basatli.com.tr,info@basatli.com.tr | satis@basatli.com.tr
basdinc mobilya,4469|24228,BASDINÇ MOBILYA SAN. TIC. LTD. STI. | BAŞDİNÇ MOBİLYA SAN. TİC. LTD. ŞTİ.,1,İstanbul Mobilya Fuarı,True,B,RISK,Manual review or relation dedupe,0,1,5457186055,dasellmobilya.com,muhasebe@dasellmobilya.com | siparis@dasellmobilya.com
basmaci dis deposu,13761|29080,BASMACI DİŞ DEPOSU TİC. VE SAN. LTD. ŞTİ. | BASMACI DİŞ DEPOSU,1,IDEX İSTANBUL,True,B,RISK,Manual review or relation dedupe,0,1,2125296646,basmaci.com.tr | basmacidis.com.tr,info@basmacidis.com.tr
basterziler mobilya paz,4087|24239,BASTERZILER MOBILYA PAZ. SAN. VE TIC. A.S. | BAŞTERZİLER MOBİLYA PAZ. SAN. VE TİC. A.Ş.,1,İstanbul Mobilya Fuarı,True,B,RISK,Manual review or relation dedupe,0,1,2566125959,basterziler.com.tr | vitello.com.tr,info@basterziler.com.tr | info@vitello.com.tr
basturk cam,21758|31317,BASTÜRK CAM SAN. VE TIC. A.S. | BAŞTÜRK CAM SAN. VE TİC. A.Ş.,1,Avrasya Ambalaj,True,B,RISK,Manual review or relation dedupe,0,1,4225021010 | 904225021010,basturkcam.com.tr,info@basturkcam.com.tr
bego dis malzemeleri,13764|29083,BEGO DİŞ MALZEMELERİ A.Ş. | BEGO DİŞ MALZEMELERİ,1,IDEX İSTANBUL,True,B,RISK,Manual review or relation dedupe,0,1,85044118,bego.com.tr,info@bego.com.tr
bibus,14352|29583,BİBUS | BIBUS,1,WIN EURASIA,True,B,RISK,Manual review or relation dedupe,0,1,902122938200,bibus.com.tr,info@bibus.com.tr
bienna hali dekorasyon ic dis,23614|31516,BİENNA HALI DEKORASYON İÇ VE DIŞ TİCARET LİMİTED ŞİRKETİ | BİENNA HALİ DEKORASYON İÇ VE DİŞ TİCARET LİMİTED ŞİRKETİ,1,CFE - Carpet and Flooring Expo,True,B,RISK,Manual review or relation dedupe,0,1,905452713090,biennafur.com,info@biennafur.com | satis@biennafur.com
bilken tarim gida,18599|30297,BILKEN TARIM GIDA SAN. TIC. LTD. ŞTI. | BiLKEN TARIM GIDA SAN. TiC. LTD. ŞTi.,1,World Food İstanbul ,True,B,RISK,Manual review or relation dedupe,0,1,3424419410,,aytekin@bilken.com.tr | bulent@bilken.com.tr | info@bilken.com.tr | pazarlama@bilken.com.tr | satinalma@bilken.com.tr
bimbo deri mamulleri otomativ,1367|1368,BİMBO DERİ MAMÜLLERİ OTOMATİV VE TİC. LTD. ŞTİ | BİMBO DERİ MAMÜLLERİ OTOMATİV VE TİC. LTD. ŞTİ.,1,Aysaf Ayakkabı Yan Sanayi Fuarı,True,B,RISK,Manual review or relation dedupe,0,1,,,bimboltd@superonline.com
binbogalar tarim ur ins,18600|30298,BINBOĞALAR TARIM ÜR. VE INŞ. SAN. VE TIC. LTD. ŞTI. | BiNBOĞALAR TARIM ÜR. VE iNŞ. SAN. VE TiC. LTD. ŞTi.,1,World Food İstanbul ,True,B,RISK,Manual review or relation dedupe,0,1,3286333355,,info@binbogafistik.com
birsan kapi kilidi aksam paz ith ihr,2150|32502,BIRSAN KAPI KILIDI VE AKSAM PAZ.ITH IHR LTD STI | BİRSAN KAPI KİLİDİ VE AKSAM PAZ.İTH İHR LTD ŞTİ,1,AVRASYA CAM FUARI,True,B,RISK,Manual review or relation dedupe,0,1,5438336869 | 902126160500,birsancamkapi.com,info@birsancamkapi.com
bitat dis,18601|30302,BITAT DIŞ TIC. LTD. ŞTI. | BiTAT DIŞ TiC. LTD. ŞTi.,1,World Food İstanbul ,True,B,RISK,Manual review or relation dedupe,0,1,3262215225,,info@bitat.com.tr
bulvar tarim urunleri muhendislik end gida nak,18615|30306,BULVAR TARIM ÜRÜNLERI MÜHENDISLIK END. GIDA VE NAK. SAN. TIC. LTD. ŞTI. | BULVAR TARIM ÜRÜNLERi MÜHENDiSLiK END. GIDA VE NAK. SAN. TiC. LTD. ŞTi.,1,World Food İstanbul ,True,B,RISK,Manual review or relation dedupe,0,1,4447539,,info@bulvargida.com.tr
bursa dental dis deposu,13790|29094,BURSA DENTAL DİŞ DEPOSU SAN. VE TİC. LTD. ŞTİ. | BURSA DENTAL DİŞ DEPOSU,1,IDEX İSTANBUL,True,B,RISK,Manual review or relation dedupe,0,1,2242240487,bursadental.com,info@bursadental.com
caglayan plastik amb ins mob,21655|31294,ÇAGLAYAN PLASTIK AMB. INS. MOB. SAN. TIC. A.S. | ÇAĞLAYAN PLASTİK AMB.İNŞ.MOB.SAN.TİC.A.Ş.,1,Avrasya Ambalaj,True,B,RISK,Manual review or relation dedupe,0,1,3322375111 | 905354591089,caglayanplastik.com,caglayan@caglayanplastik.com | sales@caglayanplastik.com | satis@caglayanplastik.com
canakcilar seramik,33518|34030,Çanakcılar Seramik San. ve Tic. A.Ş. | ÇANAKCILAR SERAMiK SAN. VE TiC. A.Ş.,1,UNICERA İstanbul,True,B,RISK,Manual review or relation dedupe,0,1,02163176453 | 903725355130,canakcilar.com.tr | creavit.com.tr,canakcilar@canakcilar.com.tr | expo@creavit.com.tr | info@creavit.com.tr
cardiva furniture mehmet basdinc,3898|24213,CARDIVA FURNITURE-MEHMET BASDINÇ | CARDİVA FURNİTURE-MEHMET BAŞDİNÇ,1,İstanbul Mobilya Fuarı,True,B,RISK,Manual review or relation dedupe,0,1,5468285982,cardivamobilya.com,cardivamobilya@gmail.com | info@cardivamobilya.com
cel mer celik,845|31014,ÇEL-MER ÇELIK | ÇEL- MER ÇELİK,1,METAL EXPO EURASIA İSTANBUL,True,B,RISK,Manual review or relation dedupe,0,1,,celmercelik.com,info@celmercelik.com | satis@celmercelik.com
celik metal,850|25028,ÇELIK METAL | CELIK METAL SAN. VE TIC. LTD. STI.,1,METAL EXPO EURASIA İSTANBUL,True,B,RISK,Manual review or relation dedupe,0,1,,celikmetal.com.tr,celikmetal@celikmetal.com.tr | info@celikmetal.com
cem mutfak esyalari dis,20707|26687,Cem Mutfak Eşyaları San. ve Dış Tic. Ltd. Şti. | CEM MUTFAK EŞYALARI SAN. VE DIŞ TİC. LTD. ŞTİ. ,1,Zuchex,True,B,RISK,Manual review or relation dedupe,0,1,2623534323,cemmutfak.com | cemmutfak.com.tr,info@cemmutfak.com
cin pa ic dis,4125|24256,ÇIN-PA IÇ VE DIS TICARET LTD.STI. | ÇİN-PA İÇ VE DIŞ TİCARET LTD.ŞTİ.,1,İstanbul Mobilya Fuarı,True,B,RISK,Manual review or relation dedupe,0,1,3123535540,cinpa.com.tr,info@cinpa.com.tr
cin pavilyonu,35092|35094,ÇİN PAVİLYONU | ÇİN PAVİLYONU,1,Helal Expo,True,B,RISK,Manual review or relation dedupe,0,1,,,global2uservices@gmail.com | yangjiyucheng@gmail.com
crscam teknoloji,13805|29099,CRSCAM TEKNOLOJİ A.Ş. | CRSCAM TEKNOLOJİ,1,IDEX İSTANBUL,True,B,RISK,Manual review or relation dedupe,0,1,2425056499,crscam.com,info@crscam.com | karaca@crscam.com
csp muhendislik,10940|11138,CSP MÜHENDISLIK SAN. VE TIC. LTD. STI. | CSP MÜHENDİSLİK SAN. VE TİC. LTD. ŞTİ.,1,Maden Türkiye Uluslararası Madencilik Fuarı,True,B,RISK,Manual review or relation dedupe,0,1,,,info@cspmuhendislik.com
dafne kuyumculuk,10872|10873,DAFNE KUYUMCULUK  | DAFNE KUYUMCULUK ,1,Istanbul Jewelry Show,True,B,RISK,Manual review or relation dedupe,0,1,2126030198 | 33640617041,dafnejewellery.com | daphnejewellery.com,dafnejewellery.mc@gmail.com | info@daphnejewellery.com
david brown santasalo uk,27709|27710,DAVID BROWN SANTASALO UK LTD | DAVİD BROWN SANTASALO UK LTD,1,IDEF,True,B,RISK,Manual review or relation dedupe,0,1,,dbsantasalo.com,jennie.paterson@dbsantasalo.com | uk@dbsantasalo.com
decortie bilisim mobilya reklam,4030|24259,DECORTIE BILISIM MOBILYA REKLAM TIC. LTD. STI. | DECORTİE BİLİŞİM MOBİLYA REKLAM TİC. LTD. ŞTİ.,1,İstanbul Mobilya Fuarı,True,B,RISK,Manual review or relation dedupe,0,1,8502551736,decortie.com,hello@decortie.com | info@decortie.com | infopakasrl@gmail.com
delta oto aksami,11839|27147,Delta Oto Aksamı San. Ve Tic. A.Ş. | DELTA OTO AKSAMI,1,Automechanika İstanbul,True,B,RISK,Manual review or relation dedupe,0,1,,deltaoto.com,info@deltaoto.com
demir makine,33531|33887,Demir Makine Ticaret ve Sanayi Limited Şirketi | Demir Makine İthalat İhracat Sanayi ve Ticaret Limited Şirketi,1,UNICERA İstanbul,True,B,RISK,Manual review or relation dedupe,0,1,02122372224 | 02163080530,demirmak.com | dmrmakine.com.tr,info@demirmak.com | info@dmrmakine.com.tr
demo tibbi cihazlar,13817|29109,DEMO TIBBİ CİHAZLAR LTD. ŞTİ. | DEMO TIBBİ CİHAZLAR,1,IDEX İSTANBUL,True,B,RISK,Manual review or relation dedupe,0,1,5315773491,dmodental.com,info@dmodental.com
dentx medikal,13845|29118,DENTX MEDİKAL SAN. VE TİC. LTD .ŞTİ. | DENTX MEDİKAL,1,IDEX İSTANBUL,True,B,RISK,Manual review or relation dedupe,0,1,2124831907,dentxmedikal.com,info@dentxmedikal.com | vahit@dentxmedikal.com
desen sofa kenan gezici,3913|24289,DESEN SOFA - KENAN GEZICI | DESEN SOFA - KENAN GEZİCİ,1,İstanbul Mobilya Fuarı,True,B,RISK,Manual review or relation dedupe,0,1,5357854698,desensofa.com.tr,desensofa@gmail.com | info@desensofa.com
dicle gida tarim urunleri,18649|30320,DICLE GIDA VE TARIM ÜRÜNLERI SAN. VE TIC. LTD. ŞTI. | DiCLE GIDA VE TARIM ÜRÜNLERi SAN. VE TiC. LTD. ŞTi.,1,World Food İstanbul ,True,B,RISK,Manual review or relation dedupe,0,1,3242217432,,dicle@diclegroup.com | info@diclegroup.com
dinamik motor reduktor,2787|23457,DİNAMİK MOTOR REDÜKTÖR SAN. VE TİC. A.Ş. | DINAMIK MOTOR REDÜKTÖR SAN. VE TIC. A.S.,1,Plast Eurasia İstanbul,True,B,RISK,Manual review or relation dedupe,0,1,2125767373,dinamikmotor.com.tr,ankara@dgmr.com.tr | info@dgmr.com.tr | istanbul@dgmr.com.tr | istanbul@dinamikmotor.com.tr
dinamik tekstil mobilya elektronik,4370|24284,DINAMIK TEKSTIL MOBILYA ELEKTRONIK SAN.TIC.LTD.STI. | DİNAMİK TEKSTİL MOBİLYA ELEKTRONİK SAN.TİC.LTD.ŞTİ.,1,İstanbul Mobilya Fuarı,True,B,RISK,Manual review or relation dedupe,0,1,2125803956,tutkuyatak.com.tr,info@tutkuyatak.com.tr
dio implant,13850|29121,DİO İMPLANT SAN. TİC. LTD. ŞTİ. | DİO İMPLANT,1,IDEX İSTANBUL,True,B,RISK,Manual review or relation dedupe,0,1,2169991125,dioimplant.com.tr,info@dioimplant.com.tr
dioki petrokimya,2519|23458,DİOKİ PETROKİMYA SAN A.Ş. | DIOKI PETROKIMYA SAN. A.S.,1,Plast Eurasia İstanbul,True,B,RISK,Manual review or relation dedupe,0,1,5389762094,dioki.com.tr,info@dioki.com.tr
dirilis koltuk mobilya insaat,4544|24237,DIRILIS KOLTUK MOBILYA INSAAT ITHALAT IHRACAT SAN. VE TIC.LTD.STI. | DİRİLİŞ KOLTUK MOBİLYA İNŞAAT İTHALAT İHRACAT SAN. VE TİC.LTD.ŞTİ.,1,İstanbul Mobilya Fuarı,True,B,RISK,Manual review or relation dedupe,0,1,5324651679,onix.com.tr,info@onix.com.tr | onix@oniz.com.tr
diva turkmen mobilya,3916|24262,DIVA TÜRKMEN MOBILYA SAN. VE TIC.LTD.STI. | DİVA TÜRKMEN MOBİLYA SAN. VE TİC.LTD.ŞTİ.,1,İstanbul Mobilya Fuarı,True,B,RISK,Manual review or relation dedupe,0,1,5308249523,divamobilya.com,divamobili@hotmail.com | info@divamobilya.com
divanev,3869|24263,DIVANEV | DİVANEV,1,İstanbul Mobilya Fuarı,True,B,RISK,Manual review or relation dedupe,0,1,2163095410,divanev.com.tr,basak.ozkuyumcu@yatas.com.tr | export@yatas.com.tr
divas mobilya orm urun oto ins,4476|24264,DIVAS MOBILYA ORM.ÜRÜN.OTO.INS.SAN.VE TIC.LTD.STI. | DİVAS MOBİLYA ORM.ÜRÜN.OTO.İNŞ.SAN.VE TİC.LTD.ŞTİ.,1,İstanbul Mobilya Fuarı,True,B,RISK,Manual review or relation dedupe,0,1,5399393919,divassofa.com,info@divassofa.com | muhasebe@divasosfa.com
dizayn makina vida kovan iml,2522|2909,DİZAYN MAKİNA VİDA KOVAN İML. SAN. VE | DIZAYN MAKINA VIDA KOVAN IML. SAN. VE TIC. LTD. STI.,1,Plast Eurasia İstanbul,True,B,RISK,Manual review or relation dedupe,0,1,2126124044,dizaynvida.com,dizayn@dizaynvida.com | info@dizaynvida.com
dizayno mobilya,3872|24251,DIZAYNO MOBILYA SANAYI VE TICARET A.S. | DİZAYNO MOBİLYA SANAYİ VE TİCARET A.Ş.,1,İstanbul Mobilya Fuarı,True,B,RISK,Manual review or relation dedupe,0,1,3382241039,bismot.com,bilgi@bismot.com | export@bismot.com | info@bismot.com
dm tibbi cihazlar,13857|29123,DM TIBBİ CİHAZLAR LTD. ŞTİ. | DM TIBBİ CİHAZLAR,1,IDEX İSTANBUL,True,B,RISK,Manual review or relation dedupe,0,1,2165115696,dismarketi.com,bilgi@dismarketi.com | info@dismarketi.com | info@mediax.com
dms endustri ambalaj makine,2524|2829,DMS ENDÜSTRİ AMBALAJ MAKİNE SANAYİ | DMS ENDÜSTRI AMBALAJ MAKINE SANAYI VE TICARET LIMITED SIRKETI,1,Plast Eurasia İstanbul,True,B,RISK,Manual review or relation dedupe,0,1,3742439898 | 5331480034,dmsconverting.com,info@dmsconverting.com | service@dmsconverting.com
dogam medikal kozm gida teks ith ihr,6040|33253,DOGAM MEDIKAL KOZM. GIDA TEKS. ITH. IHR. SAN. VE TIC. LTD. STI. | DOĞAM MEDİKAL KOZM. GIDA TEKS.İTH.İHR.SAN. VE TİC. LTD. ŞTİ.,1,Expomed Eurasia - Medikal Fuarı,True,B,RISK,Manual review or relation dedupe,0,1,2324691444,wingmed.com.tr,export@wingmed.com.tr | info@wingmed.com.tr
dogtas,4137|24267,DOGTAS | DOĞTAŞ,1,İstanbul Mobilya Fuarı,True,B,RISK,Manual review or relation dedupe,0,1,2164250002,dogtas.com,info@dogtas.com
dogus okul yayinlari,4426|24268,DOGUS OKUL YAYINLARI TIC.LTD.STI. | DOĞUŞ OKUL YAYINLARI TİC.LTD.ŞTİ.,1,İstanbul Mobilya Fuarı,True,B,RISK,Manual review or relation dedupe,0,1,5335940774,dogusegitim.com,info@dogusegitim.com | manager@dogusegitim.com
e tarti,14406|29600,E-TARTI | E TARTI,1,WIN EURASIA,True,B,RISK,Manual review or relation dedupe,0,1,9085055325698,etarti.com,info@etarti.com | sefaozpinar@etarti.com
efc medikal,13879|29134,EFC MEDİKAL İTHALAT İHRACAT SAN. VE TİCARET LTD. ŞTİ. | EFC MEDİKAL,1,IDEX İSTANBUL,True,B,RISK,Manual review or relation dedupe,0,1,5413399607,efcdental.com,efcdental@gmail.com | info@efcdental.com
ege seramik,33542|34038,Ege Seramik San. ve Tic. A.Ş | EGE SERAMiK SAN. VE TiC. A.Ş.,1,UNICERA İstanbul,True,B,RISK,Manual review or relation dedupe,0,1,02328781700 | 902328781700,egeseramik.com,info@egeseramik.com | info@egevitrifiye.com
eksen medikal tibbi malz gerecleri paz tur ith ihr,13884|13885,EKSEN MEDİKAL TIBBİ MALZ. VE GEREÇLERİ PAZ. TUR. İTH. İHR. LTD | EKSEN MEDİKAL TIBBİ MALZ. VE GEREÇLERİ PAZ. TUR. İTH. İHR. LTD. ŞTİ.,1,IDEX İSTANBUL,True,B,RISK,Manual review or relation dedupe,0,1,,eksenmedikal.com.tr,eksenmedikalankara@gmail.com | info@eksenmedikal.com.tr
elda hali tekstil,1863|31469,ELDA HALI TEKSTIL SAN. VE TIC.A.S. | ELDA HALİ TEKSTİL SAN. VE TİC. A.Ş.,1,CFE - Carpet and Flooring Expo,True,B,RISK,Manual review or relation dedupe,0,1,3523330020 | 905374815147,gumussuyu.com.tr,etik@gumussuyu.com.tr | info@gumussuyu.com.tr
elizan mobilya,4153|24273,ELIZAN MOBILYA SAN. TIC. LTD. STI. | ELİZAN MOBİLYA SAN. TİC. LTD. ŞTİ.,1,İstanbul Mobilya Fuarı,True,B,RISK,Manual review or relation dedupe,0,1,3523214510,elizanlife.com,info@elizanlife.com
els lift,14391|14392,ELS LIFT | ELS LIFT,1,WIN EURASIA,True,B,RISK,Manual review or relation dedupe,0,1,,,info@elslift.com
erdem soft tekstil,1861|31463,ERDEM SOFT TEKSTIL A.S. | ERDEM SOFT TEKSTİL A.Ş.,1,CFE - Carpet and Flooring Expo,True,B,RISK,Manual review or relation dedupe,0,1,3423379142 | 903423371577,erdemsofttextile.com,export@erdemsofttextile.com | info@erdemsofttextile.com
ergul dental,13899|29144,ERGÜL DENTAL | ERGÜL DENTAL,1,IDEX İSTANBUL,True,B,RISK,Manual review or relation dedupe,0,1,2125210571,ergul-dental.business.site,info@erguldental.com | mustafaerguldental@gmail.com
ersa mobilya,4163|4164,ERSA MOBILYA SAN TIC AS | ERSA MOBILYA SAN TIC AS,1,İstanbul Mobilya Fuarı,True,B,RISK,Manual review or relation dedupe,0,1,5323557820,ersamobilya.com,info@ersamobilya.com
este hali,1877|31465,ESTE HALI A.S. | ESTE HALİ A.Ş.,1,CFE - Carpet and Flooring Expo,True,B,RISK,Manual review or relation dedupe,0,1,905323330570,estecarpet.com,info@estecarpet.com | smmm@mehmetemndoner.com.tr
fatih dis deposu,13907|29150,FATİH DİŞ DEPOSU VE TİC. LTD. ŞTİ. | FATİH DİŞ DEPOSU,1,IDEX İSTANBUL,True,B,RISK,Manual review or relation dedupe,0,1,2125247856,fatihdisdeposu.com,fatihdisdeposu@hotmail.com | fatihdisdeposu@ttmail.com | info@fatihdisdeposu.com
fatih kiral mobilya dekorasyon,4003|24276,FATIH KIRAL MOBILYA VE DEKORASYON SAN.TIC.A.S. | FATİH KIRAL MOBİLYA VE DEKORASYON SAN.TİC.A.Ş.,1,İstanbul Mobilya Fuarı,True,B,RISK,Manual review or relation dedupe,0,1,2164356000,fatihkiral.com,fk@fatihkiral.com
fatih yildiz celik esya mak mob paz st,4484|24217,FATIH YILDIZ ÇELIK ESYA MAK MOB PAZ SAN TIC LTD ST | FATİH YILDIZ ÇELİK EŞYA MAK MOB PAZ SAN TİC LTD ŞT,1,İstanbul Mobilya Fuarı,True,B,RISK,Manual review or relation dedupe,0,1,5321394009,fatih-yildiz.com,info@fatih-yildiz.com | muhasebe@fatih-yildiz.com
fbg auto co,12260|27339,"FBG AUTO CO., LTD | FBG AUTO CO.,LTD",1,Automechanika İstanbul,True,B,RISK,Manual review or relation dedupe,0,1,,fbgauto.com.tw,sales@fbgauto.com.tw
fiba koltuk mobilya tekstil orman urun,4480|24232,FIBA KOLTUK MOBILYA TEKSTIL ORMAN ÜRÜN.SAN.TIC.LTD.STI. | FİBA KOLTUK MOBİLYA TEKSTİL ORMAN ÜRÜN.SAN.TİC.LTD.ŞTİ.,1,İstanbul Mobilya Fuarı,True,B,RISK,Manual review or relation dedupe,0,1,2247185652,elegancia.com.tr,info@elegancia.com.tr | muhasebe@elegancia.com.tr
fiberflon teknik tekstil,2563|23470,FİBERFLON TEKNİK TEKSTİL SANAYİ A.Ş. | FIBERFLON TEKNIK TEKSTIL SANAYI A.S.,1,Plast Eurasia İstanbul,True,B,RISK,Manual review or relation dedupe,0,1,2826764208,fiberflon.com,info@fiberflon.com
file gida,18699|30332,FILE GIDA SAN. TIC. A.Ş. | FiLE GIDA SAN. TiC. A.Ş.,1,World Food İstanbul ,True,B,RISK,Manual review or relation dedupe,0,1,,,info@filegida.com
filtorq filtre,11884|27168,FİLTORQ FİLTRE | FILTORQ FİLTRE,1,Automechanika İstanbul,True,B,RISK,Manual review or relation dedupe,0,1,,filtorq.com.tr,info@filtorq.com.tr
fimaks plastik,21838|31338,FIMAKS PLASTIK A.S. | FİMAKS PLASTİK A.Ş.,1,Avrasya Ambalaj,True,B,RISK,Manual review or relation dedupe,0,1,5467964810 | 902826745294,fimaksplastik.com,info@fimaksplastik.com
fimay isi,464|32302,FIMAY ISI | FİMAY ISI,1,ISK-SODEX,True,B,RISK,Manual review or relation dedupe,0,1,3622282280 | 903622282280,fimayisi.com,info@fimayisi.com
finezza home concept,8522|28983,FINEZZA HOME CONCEPT | FİNEZZA HOME CONCEPT,1,HOMETEX,True,B,RISK,Manual review or relation dedupe,0,1,,finezza.com.tr,muhasebe@finezza.com.tr
fit plastik ambalaj,2566|2567,FIT PLASTIK AMBALAJ SAN. TIC. LTD. STI. | FİT PLASTİK AMBALAJ SAN. TİC. LTD. ŞTİ.,1,Plast Eurasia İstanbul,True,B,RISK,Manual review or relation dedupe,0,1,2627514128,lungmengtr.com,info@fitplastik.com
fkk guney oto lastik takoz,10982|11151,FKK GÜNEY OTO LASTIK TAKOZ SAN. VE TIC. A.S. | FKK GÜNEY OTO LASTİK TAKOZ SAN. VE TİC. A.Ş.,1,Maden Türkiye Uluslararası Madencilik Fuarı,True,B,RISK,Manual review or relation dedupe,0,1,,,info@fkk.com.tr
fujian dongnan piston ring manufacturing co,11666|27077,"FUJIAN DONGNAN PISTON RING MANUFACTURING CO.,LTD | FUJIAN DONGNAN PISTON RING MANUFACTURING CO., LTD.",1,Automechanika İstanbul,True,B,RISK,Manual review or relation dedupe,0,1,,dnpr.com.cn,dnpr01@dnpr.com.cn | dnpr03@dnpr.com.cn | dnpr04@dnpr.com.cn | dnpr06@dnpr.com.cn | fwl03@qzfwl.com
gemon gida ic dis,20815|21223,Gemon Gıda İç ve Dış Sanayi Ticaret | GEMON GIDA İÇ VE DIŞ SAN. TİC. LTD. ŞTİ.,1,Zuchex,True,B,RISK,Manual review or relation dedupe,0,1,2127115555 | 2128542134,gemonltd.com,info@gemonltd.com | operasyon@gemonltd.com
genser muh mim ins,9288|9289,GENSER MÜH.MIM.INS.SAN.TIC.LTD.STI. | GENSER MÜH.MIM.INS.SAN.TIC.LTD.STI. ,1,SolarEx İstanbul Güneş Enerjisi & Teknolojileri Fuarı,True,B,RISK,Manual review or relation dedupe,0,1,02163110100 | 5412315712,genoser.com | genser.com.tr,info@genoser.com | info@genser.com.tr
gent polimer kimya uretim,2580|2581,GENT POLIMER KIMYA ÜRETIM SANAYI VE TICARET A.S. | GENT POLİMER KİMYA ÜRETİM SANAYİ VE TİCARET A.Ş.,1,Plast Eurasia İstanbul,True,B,RISK,Manual review or relation dedupe,0,1,2627513371,gentpolymer.com.tr,info@gentpolymer.com.tr
groma gps yazilim mak otomasyon sis,9293|9294,GROMA GPS YAZILIM VE MAK.OTOMASYON SIS.A.S. | GROMA GPS YAZILIM VE MAK.OTOMASYON SIS.A.S. ,1,SolarEx İstanbul Güneş Enerjisi & Teknolojileri Fuarı,True,B,RISK,Manual review or relation dedupe,0,1,2626788800,gosbteknopark.com | gromatechnology.com,info@gosbteknopark.com | info@groma.com.tr
guangzhou hessan woodworking machinery co,22262|22332,"GUANGZHOU HESSAN WOODWORKING MACHINERY CO., LTD. | GUANGZHOU HESSAN WOODWORKING MACHINERY CO., LTD.",1,WoodTech,True,B,RISK,Manual review or relation dedupe,0,1,,hessan-mc.com | sanhomt.com,info@hessan-mc.com | tuoke2007@gmail.com
gulseven hali,23627|31440,GÜLSEVEN HALI ANONİM ŞİRKETİ | GÜLSEVEN HALİ ANONİM ŞİRKETİ,1,CFE - Carpet and Flooring Expo,True,B,RISK,Manual review or relation dedupe,0,1,908508504545,gulsevenhali.com.tr,bayram@gulsevenhali.com.tr | gulseven@gulsevenhali.com | gulseven@gulsevenhali.com.tr
gumus ev mobilya ev,4191|24397,GÜMÜS EV MOBILYA SAN. EV TIC.LTD.STI. | GÜMÜŞ EV MOBİLYA SAN. EV TİC.LTD.ŞTİ.,1,İstanbul Mobilya Fuarı,True,B,RISK,Manual review or relation dedupe,0,1,5324110123,gumusev.com | gumusev.com.tr,info@gumusev.com | mail@gumusev.com.tr
guney dis deposu,13940|29166,GÜNEY DİŞ DEPOSU TİC. VE SAN. A.Ş. | GÜNEY DİŞ DEPOSU,1,IDEX İSTANBUL,True,B,RISK,Manual review or relation dedupe,0,1,2164668383,guneydis.com,info@guneydis.com
gurle suni deri,8003|28808,GÜRLE SUNI DERI | GURLE SUNI DERI,1,HOMETEX,True,B,RISK,Manual review or relation dedupe,0,1,,gurlesunideri.com,ali.yilmaz@gurlesunideri.com
guven halicilik pazarlama,1892|31517,GÜVEN HALICILIK PAZARLAMA VE TICARET LIMITED SIRKETI | GÜVEN HALİCİLİK PAZARLAMA VE TİCARET LİMİTED ŞİRKETİ,1,CFE - Carpet and Flooring Expo,True,B,RISK,Manual review or relation dedupe,0,1,905413873928,guvenhali.net,info@guvenhali.org | satis@guvenhali.org
haitai pls enj mak ith ihr,2591|31135,HAITAI PLS. ENJ. MAK. ITH. IHR. SAN. TIC. LTD. STI. | HAiTAi PLS. ENJ. MAK. İTH. İHR. SAN. TiC. LTD. ŞTi.,1,Plast Eurasia İstanbul,True,B,RISK,Manual review or relation dedupe,0,1,2125498527 | 902125498527,haitai.com.tr,info@haitai.com.tr
hansa flex hidrolik,11001|11154,HANSA-FLEX HIDROLIK SANAYI VE TICARET LTD. STI. | HANSA-FLEX HİDROLİK SANAYİ VE TİCARET LTD. STİ.,1,Maden Türkiye Uluslararası Madencilik Fuarı,True,B,RISK,Manual review or relation dedupe,0,1,,,info@tr.hansa-flex.com
hayal life,8474|8475,HAYAL LIFE | HAYAL LIFE,1,HOMETEX,True,B,RISK,Manual review or relation dedupe,0,1,,mburc_tekstil@hotmail.com,mburc_tekstil@hotmail.com
hazal dis deposu,13948|29171,HAZAL DİŞ DEPOSU | HAZAL DİŞ DEPOSU,1,IDEX İSTANBUL,True,B,RISK,Manual review or relation dedupe,0,1,2324462451,hazaldental.com.tr,hazaldental@hotmail.com | info@hazaldental.com.tr
hd design hali tekstil ith ihr,1864|32455,HD DESIGN HALI VE TEKSTIL ITH IHR SAN VE TIC LTD STI | HD DESİGN HALİ VE TEKSTİL İTH İHR SAN VE TİC LTD ŞTİ,1,CFE - Carpet and Flooring Expo,True,B,RISK,Manual review or relation dedupe,0,1,5305463939 | 905495652702,hdesign.com.tr,audits@hdesign.com.tr | info@hdesign.com.tr
huzuroglu yapi malz,4367|24384,HUZUROGLU YAPI MALZ. SAN. TIC. LTD. STI. | HUZUROĞLU YAPI MALZ. SAN. TİC. LTD. ŞTİ.,1,İstanbul Mobilya Fuarı,True,B,RISK,Manual review or relation dedupe,0,1,3662127575,tumanna.com.tr,info@huzuroglu.com.tr | info@tumanna.com.tr
i mak reduktor,14320|29640,İ-MAK REDÜKTÖR | İ.MAK REDÜKTÖR,1,WIN EURASIA,True,B,RISK,Manual review or relation dedupe,0,1,902163782636,imakreduktor.com,i.mak@imakreduktor.com | imak@imakreduktor.com | info@imakreduktor.com
ideal memba sulari enerji mad tar ur pet,18771|30346,İDEAL MEMBA SULARI ENERJI MAD. TAR. ÜR. PET. SAN. VE TIC. A.Ş. | iDEAL MEMBA SULARI ENERJi MAD. TAR. ÜR. PET. SAN. VE TiC. A.Ş.,1,World Food İstanbul ,True,B,RISK,Manual review or relation dedupe,0,1,,,info@idealsu.com.tr
ideal pak otomatik ambalaj makinalari,21873|31348,IDEAL PAK OTOMATIK AMBALAJ MAKINALARI A.S. | İDEAL PAK OTOMATİK AMBALAJ MAKİNALARİ A.Ş.,1,Avrasya Ambalaj,True,B,RISK,Manual review or relation dedupe,0,1,2126713032 | 902126713032,idealser.com,info@idealser.com
idevit seramik,33598|34049,İdevit Seramik San. ve Tic. A.Ş. | iDEViT SERAMiK SAN. VE TiC. A.Ş.,1,UNICERA İstanbul,True,B,RISK,Manual review or relation dedupe,0,1,0850502760002164234712 | 902164234712,idevit.com.tr,export@idevit.com.tr | info@idevit.com.tr | kalite@idevit.com.tr
ikiz bakalit boya kalip kimya metal,20864|20865,İKİZ BAKALİT BOYA KALIP KİMYA VE METAL SAN. A.Ş. | İkiz Bakalit Boya Kalıp Kimya ve Metal A.Ş.,1,Zuchex,True,B,RISK,Manual review or relation dedupe,0,1,2124850397,ikizas.com | ikizbakalit.com,info@ikizbakalit.com
ilhan mensucat,1965|23631,ILHAN MENSUCAT SANAYI TICARET LTD.STI | İLHAN MENSUCAT SANAYİ TİCARET LTD.ŞTİ,1,CFE - Carpet and Flooring Expo,True,B,RISK,Manual review or relation dedupe,0,1,5324984645,ilhanmensucat.com,info@ilhanmensucat.com
ilkay dis deposu,13965|29180,İLKAY DİŞ DEPOSU SAN. TİC. LTD. ŞTİ. | İLKAY DİŞ DEPOSU,1,IDEX İSTANBUL,True,B,RISK,Manual review or relation dedupe,0,1,2125881614,ilkaydis.com,ilkay@ilkaydis.com
imam kayaliogullari otom,4781|4921,İMAM KAYALIOĞULLARI OTOM. VE TİC. SAN. A.Ş. | IMAM KAYALIOGULLARI OTOM. VE TIC. SAN. A.S.,1,Uluslararası İstanbul İplik Fuarı,True,B,RISK,Manual review or relation dedupe,0,1,3423373686 | 530763473,,info@novafilament.com
imka iplik tekstil isletmeleri dis,4748|4934,İMKA İPLİK TEKSTİL İŞLETMELERİ SAN. VE DIŞ. TİC. A.Ş. | IMKA IPLIK TEKSTIL ISLETMELERI SAN. VE DIS. TIC. A.S.,1,Uluslararası İstanbul İplik Fuarı,True,B,RISK,Manual review or relation dedupe,0,1,2124386572 | 2125777800 | 4444652,,info@imkaiplik.com
in ka kagitcilik kozmetik selcuk bilmis,4882|24321,IN-KA KAGITÇILIK VE KOZMETIK SELÇUK BILMIS | İN-KA KAĞITÇILIK VE KOZMETİK SELÇUK BİLMİŞ,1,İstanbul Mobilya Fuarı,True,B,RISK,Manual review or relation dedupe,0,1,5365245340,inkakoku.com,info@inkakoku.com
incekara kuruyemis gida,18766|30804,INCEKARA KURUYEMIŞ GIDA SAN. TIC. LTD. ŞTI. | iNCEKARA KURUYEMiŞ GIDA SAN. TiC. LTD. ŞTi.,1,World Food İstanbul ,True,B,RISK,Manual review or relation dedupe,0,1,,,info@incekarakuruyemis.com.tr
inci aku,12566|29942,İNCİ AKÜ | İNCİ AKÜ,2,Automechanika İstanbul | KOMATEK,True,B,RISK,Manual review or relation dedupe,0,1,,incigsyuasa.com,info@incigsyuasa.com | kurumsaliletisim@inciaku.com
inegol ada koltuk,4049|24302,INEGÖL ADA KOLTUK SAN. VE TIC.LTD.STI. | İNEGÖL ADA KOLTUK SAN. VE TİC.LTD.ŞTİ.,1,İstanbul Mobilya Fuarı,True,B,RISK,Manual review or relation dedupe,0,1,4444395,adaavantgarde.com,afyon@adaavantgarde.com | antalya@adaavantgarde.com | borcinc@hotmail.com | gaziantep@adaavantgarde.com | hatay@adaavantgarde.com | info@adaavantgarde.com | info@haremhome.com | istanbul@adaavantgarde.com | konya@adaavantgarde.com
inegol berkfa kenar bandi mobilya malzemeleri insaat,4530|24344,INEGÖL BERKFA KENAR BANDI MOBILYA MALZEMELERI INSAAT SAN. VE TIC.LTD.STI. | İNEGÖL BERKFA KENAR BANDI MOBİLYA MALZEMELERİ İNŞAAT SAN. VE TİC.LTD.ŞTİ.,1,İstanbul Mobilya Fuarı,True,B,RISK,Manual review or relation dedupe,0,1,5327463229,nclion.com.tr,info@nclion.com.tr | nclionconcept@gmail.com
inegol girisim mobilya tekstil insaat,4899|24383,INEGÖL GIRISIM MOBILYA TEKSTIL INSAAT SAN. VE TICARET LTD.STI. | İNEGÖL GİRİŞİM MOBİLYA TEKSTİL İNŞAAT SAN. VE TİCARET LTD.ŞTİ.,1,İstanbul Mobilya Fuarı,True,B,RISK,Manual review or relation dedupe,0,1,5342368469,tonza.com.tr,info@tonza.com.tr | magaza@tonza.com.tr | magaza@tonzafurniture.com
infam mobilya,4489|24319,INFAM MOBILYA SANAYI VE TICARET LTD.STI. | İNFAM MOBİLYA SANAYİ VE TİCARET LTD.ŞTİ.,1,İstanbul Mobilya Fuarı,True,B,RISK,Manual review or relation dedupe,0,1,5332403439,infammobilya.com,info@infammobilya.com | muhasebe@infammobilya.com
infinity mobilya dis,3875|24320,INFINITY MOBILYA DIS TICARET LTD.STI. | İNFİNİTY MOBİLYA DIŞ TİCARET LTD.ŞTİ.,1,İstanbul Mobilya Fuarı,True,B,RISK,Manual review or relation dedupe,0,1,5320670623,infinity-group.com.tr,bilgi@infinity-group.com.tr | info@infinity-group.com.tr
inmob mobilya koltuk nak ins,4592|24407,INMOB MOBILYA KOLTUK NAK.INS.SAN.TIC.LTD.STI. | İNMOB MOBİLYA KOLTUK NAK.İNŞ.SAN.TİC.LTD.ŞTİ.,1,İstanbul Mobilya Fuarı,True,B,RISK,Manual review or relation dedupe,0,1,2247185804,nell.com.tr,satis@nell.com.tr
ipek mekik hali teks,1967|23633,IPEK MEKIK HALI TEKS.SAN.VE TIC.A.S. | İPEK MEKİK HALI TEKS.SAN.VE TİC.A.Ş.,1,CFE - Carpet and Flooring Expo,True,B,RISK,Manual review or relation dedupe,0,1,,,info@ipekcarpet.com
ipekce home kesimoglu,8341|8342,IPEKÇE HOME / KESIMOGLU | IPEKÇE HOME / KESIMOGLU,1,HOMETEX,True,B,RISK,Manual review or relation dedupe,0,1,,kesimoglu.com,info@kesimoglu.com
ipeks tekstil,4044|24323,IPEKS TEKSTIL SAN. VE TIC. A.S. | İPEKS TEKSTİL SAN. VE TİC. A.Ş.,1,İstanbul Mobilya Fuarı,True,B,RISK,Manual review or relation dedupe,0,1,5412610084,ipeks.com,import@ipeks.com | info@ipeks.com
ipekyolu dis deposu,13975|29183,İPEKYOLU DİŞ DEPOSU TİC. LTD .ŞTİ. | İPEKYOLU DİŞ DEPOSU,1,IDEX İSTANBUL,True,B,RISK,Manual review or relation dedupe,0,1,5392576565,ipekyoludis.com,muhasebe@ipekyoludis.com
isbilir hali mobilya ev teks urun,2033|23638,ISBILIR HALI MOBILYA EV TEKS. ÜRÜN. SAN. VE TIC. LTD. STI. | İŞBİLİR HALI MOBİLYA EV TEKS. ÜRÜN. SAN. VE TİC. LTD. ŞTİ.,1,CFE - Carpet and Flooring Expo,True,B,RISK,Manual review or relation dedupe,0,1,,,isbilir@isbilir.com.tr
iscan dis makina paz,21880|31349,ISCAN DIS TIC. MAKINA PAZ. LTD. STI. | İŞCAN DİŞ TİCARET MAKİNA PAZ LTD ŞTİ,1,Avrasya Ambalaj,True,B,RISK,Manual review or relation dedupe,0,1,2126999360 | 902126999360,iscanmakina.com,info@iscanmakina.com
isik elektronik,20618|20802,Işık Elektronik San. Tic. A.Ş. | IŞIK ELEKTRONİK SAN. VE TİC. A.Ş.,1,Zuchex,True,B,RISK,Manual review or relation dedupe,0,1,2122956560,amstrad.com.tr | fobem.com.tr,info@amstrad.com.tr | info@fobem.com.tr
isik kadife,8075|28853,ISIK KADIFE | IŞIK KADİFE,1,HOMETEX,True,B,RISK,Manual review or relation dedupe,0,1,,isikkadife.com,cahit@isikkadife.com | export@isikkadife.com
isik kadife testil,1968|23630,ISIK KADIFE VE TESTIL SAN.TIC.LTD.STI. | IŞIK KADİFE VE TESTİL SAN.TİC.LTD.ŞTİ.,1,CFE - Carpet and Flooring Expo,True,B,RISK,Manual review or relation dedupe,0,1,,,info@isikkadife.com
isil mobilya,4491|24406,ISIL MOBILYA SANAYI VE TIC. LTD. STI. | İSİL MOBİLYA SANAYİ VE TİC. LTD. ŞTİ.,1,İstanbul Mobilya Fuarı,True,B,RISK,Manual review or relation dedupe,0,1,2247185363,isilmobilya.com.tr,export@isilmobilya.com.tr | info@isilmobilya.com.tr | satis@isilmobilya.com.tr
iskemle agac urunleri mobilya tekstil ins tasimacilik,4216|24308,ISKEMLE AGAÇ ÜRÜNLERI MOBILYA TEKSTIL INS. TASIMACILIK SAN. VE TIC. LTD. STI. | İSKEMLE AĞAÇ ÜRÜNLERİ MOBİLYA TEKSTİL İNŞ. TAŞIMACILIK SAN. VE TİC. LTD. ŞTİ.,1,İstanbul Mobilya Fuarı,True,B,RISK,Manual review or relation dedupe,0,1,5462259493,iskemle.com.tr,export@iskemle.com.tr | info@iskemle.com.tr
islamoglu tekstil dokuma gida turizm,23635|31473,İSLAMOĞLU TEKSTİL DOKUMA GIDA SAN. VE TURİZM TİC. LTD. ŞTİ. | İSLAMOĞLU TEKSTİL DOKUMA GİDA SAN. VE TURİZM TİC. LTD. ŞTİ.,1,CFE - Carpet and Flooring Expo,True,B,RISK,Manual review or relation dedupe,0,1,902125019055,islamoglutekstil.com.tr,info@islamoglutekstil.com.tr | islamoglukadife@gmail.com
isler madeni esya gida ins,3880|24305,ISLER MADENI ESYA GIDA VE INS. SAN. TIC. LTD. STI. | İŞLER MADENİ EŞYA GIDA VE İNŞ. SAN. TİC. LTD. ŞTİ.,1,İstanbul Mobilya Fuarı,True,B,RISK,Manual review or relation dedupe,0,1,5324926642,megasit.com.tr,bilgi@megasit.com.tr
isra global gida ic dis,18768|30427,ISRA GLOBAL GIDA IÇ VE DIŞ TIC. LTD. ŞTI. | iSRA GLOBAL GIDA iÇ VE DIŞ TiC. LTD. ŞTi.,1,World Food İstanbul ,True,B,RISK,Manual review or relation dedupe,0,1,,,info@israglobal.net | mesut@israglobal.net | useme@israglobal.net | yakup@israglobal.net
istanbul kazan,508|32305,ISTANBUL KAZAN | İSTANBUL KAZAN,1,ISK-SODEX,True,B,RISK,Manual review or relation dedupe,0,1,2165610749 | 902165610749,istanbulkazan.com.tr,bilgi@istanbulkazan.com.tr | info@istanbulkazan.com.tr
istanbul universitesi,25362|25364,İSTANBUL TİCARET ÜNİVERSİTESİ | İSTANBUL ÜNİVERSİTESİ,1,İstanbul Eğitim ve Kariyer Fuarı,True,B,RISK,Manual review or relation dedupe,0,1,,,bilgi@ticaret.edu.tr | iubilgi@istanbul.edu.tr | kurumsaliletisim@istanbul.edu.tr
iza makina,2612|2790,İZA MAKİNA LTD. ŞTİ. | IZA MAKINA LTD. STI.,1,Plast Eurasia İstanbul,True,B,RISK,Manual review or relation dedupe,0,1,3646060622 | 5325666989,izamakina.com,info@izamakina.com | iza@izamakina.com
izowool,509|32353,IZOWOOL | İZOWOOL,1,ISK-SODEX,True,B,RISK,Manual review or relation dedupe,0,1,3128010500 | 903128010500,izowool.com.tr,info@izowool.com.tr | satis@izowool.com.tr
jmk tekstil,7714|19155,JMK TEKSTIL SANAYI VE TICARET ANONIM SIRKETI | JMK TEKSTİL SANAYI VE TICARET ANONIM SIRKETI,1,Texhibition İstanbul,True,B,RISK,Manual review or relation dedupe,0,1,,jmk.com.tr,info@jmk.com.tr | nihal.tasci@jmk.com.tr
jp group,11849|11926,JP GROUP | JP GROUP A/S,1,Automechanika İstanbul,True,B,RISK,Manual review or relation dedupe,0,1,,dp-groups.com | jpgroup.dk,einfo@jpgroup.dk | info@dp-groups.com | info@jpgroup.dk
kal der makina met pls imlt,2770|31188,KAL-DER MAKİNA MET. PLS. İMLT. SAN. TİC. LTD. ŞTİ. | KAL-DER MAKiNA MET. PLS. İMLT. SAN. TiC. LTD. ŞTi,1,Plast Eurasia İstanbul,True,B,RISK,Manual review or relation dedupe,0,1,5536734226 | 905303062628,kalendermakina.com,kalendermakinaa@gmail.com | kalendermakine@yahoo.com
kapimsan otomotiv,11934|27192,KAPİMSAN OTOMOTİV | KAPİMSAN OTOMOTIV,1,Automechanika İstanbul,True,B,RISK,Manual review or relation dedupe,0,1,,kapimsan.com,info@kapimsan.com
karadeniz yapistiricilar end urun,18230|30217,KARADENIZ YAPISTIRICILAR VE END. ÜRÜN. SAN. TIC.LTD.STI. | KARADENiZ YAPİŞTİRİCİLAR VE END. ÜRÜN. SAN. TiC.LTD.ŞTi.,1,İntermob,True,B,RISK,Manual review or relation dedupe,0,1,,malzemelazim.com,info@malzemelazim.com
karna home,8650|8651,KARNA HOME | KARNA HOME,1,HOMETEX,True,B,RISK,Manual review or relation dedupe,0,1,,bilgetekstil.com.tr,serap@bilgetekstil.com.tr
karo metro seramik,33616|34014,Karo Metro Seramik Sanayi ve Ticaret Anonim Şirketi | KARO METRO SERAMiK SAN. VE TiC. A.Ş.,1,UNICERA İstanbul,True,B,RISK,Manual review or relation dedupe,0,1,02283550077,karotr.com,info@karotr.com
kartal hali tekstil,1856|31501,KARTAL HALI TEKSTIL SAN. VE TIC. A.S. | KARTAL HALİ TEKSTİL SAN. VE TİC. A.Ş.,1,CFE - Carpet and Flooring Expo,True,B,RISK,Manual review or relation dedupe,0,1,3423570100 | 903423570100,sanathali.com,info@european-warehouse.com | info@sanathali.com | merkez@sanathali.com
karyun hali tekstil,1880|32459,KARYÜN HALI TEKSTIL SAN. VE TIC. LTD. STI. | KARYÜN HALİ TEKSTİL SAN. VE TİC. LTD. ŞTİ.,1,CFE - Carpet and Flooring Expo,True,B,RISK,Manual review or relation dedupe,0,1,905317825370,karyunhali.com.tr,info@karyunhali.com | muhasebe@karyun.com
kilikya salgam icecek,18802|30402,KILIKYA ŞALGAM IÇECEK SAN. VE TIC. A.Ş. | KiLiKYA ŞALGAM iÇECEK SAN. VE TiC. A.Ş.,1,World Food İstanbul ,True,B,RISK,Manual review or relation dedupe,0,1,,,kilikya@kilikya.com.tr | sefanas@sefanas.com.tr
kilimista dokuma,1978|23644,KILIMISTA DOKUMA SAN. VE TIC. LTD STI. | KİLİMİSTA DOKUMA SAN. VE TİC. LTD ŞTİ.,1,CFE - Carpet and Flooring Expo,True,B,RISK,Manual review or relation dedupe,0,1,3423234050,kilimista.com,info@kilimista.com
kimflor kimya,2627|2628,KIMFLOR KIMYA SANAYI VE TICARET A.S. | KİMFLOR KİMYA SANAYİ VE TİCARET A.Ş.,1,Plast Eurasia İstanbul,True,B,RISK,Manual review or relation dedupe,0,1,23285366 | 2328539066,kimflor.com,info@kimflor.com
kimpas kimyevi mad paz,2630|2801,KİMPAŞ KİMYEVİ MAD. PAZ. TİC. VE SAN. A.Ş. | KIMPAS KIMYEVI MAD. PAZ. TIC. VE SAN. A.S.,1,Plast Eurasia İstanbul,True,B,RISK,Manual review or relation dedupe,0,1,2166882414 | 2627510080,kimpas.com.tr,info@kimpas.com.tr | ofis@kimpas.com.tr
kimyager kimya,2632|2633,KIMYAGER KIMYA SANAYI A.S. | KİMYAGER KİMYA SANAYİ A.Ş.,1,Plast Eurasia İstanbul,True,B,RISK,Manual review or relation dedupe,0,1,2128232929 | 5352063503,kimyager.com,info@kimyager.com
kiranda plastik kalip mak parc,2634|2635,KIRANDA PLASTIK KALIP VE MAK. PARÇ. SAN. TIC. LTD. STI. | KIRANDA PLASTİK KALIP VE MAK. PARÇ. SAN. TİC. LTD. ŞTİ.,1,Plast Eurasia İstanbul,True,B,RISK,Manual review or relation dedupe,0,1,0212549087702125494566 | 2125494566,kiranda.com,info@kiranda.com.tr
kirkit rugs hali kilim dis,1979|23645,KIRKIT RUGS HALI KILIM SANAYI VE DIS TICARET LTD.STI. | KİRKİT RUGS HALI KİLİM SANAYİ VE DIŞ TİCARET LTD.ŞTİ.,1,CFE - Carpet and Flooring Expo,True,B,RISK,Manual review or relation dedupe,0,1,,,info@kirkit-rugs.com
kitle koltuk somya mob orm urun day tuk mallari,4461|24411,KITLE KOLTUK SOMYA MOB.ORM.ÜRÜN DAY.TÜK.MALLARI SAN.TIC.LTD.STI. | KİTLE KOLTUK SOMYA MOB.ORM.ÜRÜN DAY.TÜK.MALLARI SAN.TİC.LTD.ŞTİ.,1,İstanbul Mobilya Fuarı,True,B,RISK,Manual review or relation dedupe,0,1,5325487252,arnovasofa.com,muhasebe@arnovasofa.com | siparis@arnovasofa.com
kolas motor,11943|29933,Kolaş Motor A.Ş | KOLAŞ MOTOR A.Ş.,1,Automechanika İstanbul,True,B,RISK,Manual review or relation dedupe,0,1,,gmw.net,info@gmw.net | info@kolas.com.tr
kontuvari turk,19049|30849,TICARET VE SANAYI KONTUVARI TÜRK A.Ş. | TiCARET VE SANAYi KONTUVARI TÜRK A.Ş.,1,World Food İstanbul ,True,B,RISK,Manual review or relation dedupe,0,1,,,info@kristalyaglari.com
kral dis deposu,14003|29195,KRAL DİŞ DEPOSU LTD.ŞTİ. | KRAL DİŞ DEPOSU,1,IDEX İSTANBUL,True,B,RISK,Manual review or relation dedupe,0,1,3422311423,kraldis.com,destek@kraldis.com | info@kraldis.com | kraldisdeposumrk@hotmail.com
kristal dis deposu,14005|29197,KRİSTAL DİŞ DEPOSU | KRİSTAL DİŞ DEPOSU,1,IDEX İSTANBUL,True,B,RISK,Manual review or relation dedupe,0,1,3523332444,kristaldis.com,info@kristaldisdeposu.com | kristal_dis@hotmail.com | serhatarg@hotmail.com
lider fuar stant hiz,18240|28794,LIDER FUAR STANT HIZ. SAN. TIC.LTD.STI. | LİDER FUAR STANT HİZ. SAN. TİC.LTD.ŞTİ.,1,İntermob,True,B,RISK,Manual review or relation dedupe,0,1,5342178343,doguskapak.com,info@doguskapak.com | siparis@doguskapak.com
life net medikal,5854|27004,LIFE NET MEDIKAL SAN. VE TIC. LTD. STI. | LİFE NET MEDİKAL SAN.VE TİC.LTD.ŞTİ,1,Expomed Eurasia - Medikal Fuarı,True,B,RISK,Manual review or relation dedupe,0,1,5354633136,lifenetmedikal.com,info@lifenetmedikal.com
loomx dokuma tekstil,1882|32428,LOOMX DOKUMA TEKSTIL SAN. TIC. A.S. | LOOMX DOKUMA TEKSTİL SAN. TİC. A.Ş.,1,CFE - Carpet and Flooring Expo,True,B,RISK,Manual review or relation dedupe,0,1,903423371100,loomx.com.tr,info@loomx.com.tr | info@loomxrug.com | muhasebe@loomxrug.com
mannas dis deposu,14021|29207,MANNAS DİŞ DEPOSU TİC. VE SAN. LTD. ŞTİ. | MANNAS DİŞ DEPOSU,1,IDEX İSTANBUL,True,B,RISK,Manual review or relation dedupe,0,1,2126357726,mannas.com.tr,info@mannas.com.tr
medikal olusum,5898|33235,MEDIKAL OLUSUM SAN. TIC. LTD. STI. | MEDİKAL OLUŞUM SAN. TİC.LTD.ŞTİ.,1,Expomed Eurasia - Medikal Fuarı,True,B,RISK,Manual review or relation dedupe,0,1,3123952396,moslab.com,info@moslab.com
medikatek saglik urunleri hizm,5868|32060,MEDIKATEK SAGLIK ÜRÜNLERI VE HIZM. SAN. TIC. LTD. STI. | MEDİKATEK SAĞLIK ÜRÜNLERİ VE HİZM. SAN. TİC. LTD. ŞTİ.,1,Expomed Eurasia - Medikal Fuarı,True,B,RISK,Manual review or relation dedupe,0,1,5078555433,medikatek.com,info@medikatek.com
medimed medikal teks sag malz,5869|32061,MEDIMED MEDIKAL TEKS. SAG. MALZ. SAN. VE TIC. LTD. STI. | MEDİMED MEDİKAL TEKS. SAĞ. MALZ. SAN. VE TİC. LTD. ŞTİ.,1,Expomed Eurasia - Medikal Fuarı,True,B,RISK,Manual review or relation dedupe,0,1,2244431322,medimed.com.tr,export@medimed.com.tr | info@medimed.com.tr
medispo medikal teknik,5608|33199,MEDISPO MEDIKAL TEKNIK SAN. VE TIC. LTD. STI. | MEDİSPO MEDİKAL TEKNİK SAN. VE TİC. LTD. ŞTİ.,1,Expomed Eurasia - Medikal Fuarı,True,B,RISK,Manual review or relation dedupe,0,1,3123346339,medispo.com.tr,bilgi@medispo.com.tr
mega dis deposu,14042|29217,MEGA DİŞ DEPOSU | MEGA DİŞ DEPOSU,1,IDEX İSTANBUL,True,B,RISK,Manual review or relation dedupe,0,1,2125360041,,megadisdeposu@gmail.com
melis dis deposu,14047|29220,MELİS DİŞ DEPOSU TİC. SAN. LTD. ŞTİ. | MELİS DİŞ DEPOSU,1,IDEX İSTANBUL,True,B,RISK,Manual review or relation dedupe,0,1,4322121940,melis-dis-deposu.business.site,melisdisdeposu@yahoo.com
mert elektronik,88|89,MERT ELEKTRONİK | MERT ELEKTRONİK,1,ISAF - IMEX,True,B,RISK,Manual review or relation dedupe,0,1,2126271001,,info@mertelektronik.com.tr
metco dental,14052|29224,METCO DENTAL A.Ş. | METCO DENTAL,1,IDEX İSTANBUL,True,B,RISK,Manual review or relation dedupe,0,1,2163457424,metcodental.com,metco@metcodental.com
mikrons mikronize mineral endustriyel,2662|2663,MIKRONS MIKRONIZE MINERAL ENDÜSTRIYEL TIC. A.S. | MİKRONS MİKRONİZE MİNERAL ENDÜSTRİYEL TİC. A.Ş.,1,Plast Eurasia İstanbul,True,B,RISK,Manual review or relation dedupe,0,1,2163335000,mikrons.com.tr,info@mikrons.com.tr
mikrosan makina kalip,2664|2665,MIKROSAN MAKINA VE KALIP SAN. A.S. | MİKROSAN MAKİNA VE KALIP SAN. A.Ş.,1,Plast Eurasia İstanbul,True,B,RISK,Manual review or relation dedupe,0,1,2627510605,mikrosan.com,info@mikrosanmak.com
milat hali,1987|23650,MILAT HALI SAN. VE TIC. A.S. | MİLAT HALI SAN. VE TİC. A.Ş.,1,CFE - Carpet and Flooring Expo,True,B,RISK,Manual review or relation dedupe,0,1,,,info@merinos.com.tr | info@milathali.com
mina iplik hali teks,1906|23651,MINA IPLIK HALI TEKS. SAN. VE TIC. LTD. STI. | MİNA İPLİK HALI TEKS. SAN. VE TİC. LTD. ŞTİ.,1,CFE - Carpet and Flooring Expo,True,B,RISK,Manual review or relation dedupe,0,1,,,emrah@minatekstil.com | info@minahali.com
mine plastik end urn sert mad kimya,2666|2667,MINE PLASTIK VE END. ÜRN. SERT MAD. KIMYA SAN. TIC. LTD. STI. | MİNE PLASTİK VE END. ÜRN. SERT MAD. KİMYA SAN. TİC. LTD. ŞTİ.,1,Plast Eurasia İstanbul,True,B,RISK,Manual review or relation dedupe,0,1,3123954009,minecolours.com.tr,info@minecolours.com.tr
mng halicilik turizm seyahat,23653|32467,MNG HALICILIK TURİZM SEYAHAT SANAYİ VE TİCARET LİMİTED ŞİRKETİ | MNG HALİCİLİK TURİZM SEYAHAT SANAYİ VE TİCARET LİMİTED ŞİRKETİ,1,CFE - Carpet and Flooring Expo,True,B,RISK,Manual review or relation dedupe,0,1,905322517300,mnghalicilik.com,info@mnghalicilik.com | mng@mnghalicilik.com
nevon makina imalat insaat taahhut danismanlik,11040|11167,NEVON MAKINA IMALAT INSAAT TAAHHÜT DANISMANLIK SANAYI VE TICARET LIMITED SIRKETI | NEVON MAKİNA İMALAT İNŞAAT TAAHHÜT DANIŞMANLIK SANAYİ VE TİCARET LİMİTED ŞİRKETİ,1,Maden Türkiye Uluslararası Madencilik Fuarı,True,B,RISK,Manual review or relation dedupe,0,1,,,info@nevonmakina.com | onur@nevonmakina.com
newtech medical devices pvt,5916|33236,NEWTECH MEDICAL DEVICES PVT. LTD. | NEWTECH MEDICAL DEVICES PVT LTD,1,Expomed Eurasia - Medikal Fuarı,True,B,RISK,Manual review or relation dedupe,0,1,91129211 | 918920015830,ntmdevices.com,info@ntmdevices.com
nigdeliler ins tas gida mobilya petrol urun dolum,4252|24329,NIGDELILER INS. TAS. GIDA MOBILYA PETROL ÜRÜN. DOLUM SAN. TIC. LTD. STI. | NİĞDELİLER İNŞ. TAŞ. GIDA MOBİLYA PETROL ÜRÜN. DOLUM SAN. TİC. LTD. ŞTİ.,1,İstanbul Mobilya Fuarı,True,B,RISK,Manual review or relation dedupe,0,1,5324125164,lucente.tahsildar.com.tr,info@lucentemobilya.com
ningbo fulcrum technology co,2821|31124,"NINGBO FULCRUM TECHNOLOGY CO., LTD. | NİNGBO FULCRUM TECHNOLOGY CO., LTD.",1,Plast Eurasia İstanbul,True,B,RISK,Manual review or relation dedupe,0,1,86158212 | 8615824522854,chembull.com | lookingplas.com,becky@chembull.com | huxiaogang@bciri.com.cn | info@chembull.com | sales06@lookingplas.com
niron grup sanal market iletisim yazilim gida basin yayin turz dis,3976|24348,NIRON GRUP SANAL MARKET ILETISIM YAZILIM GIDA BASIN YAYIN TURZ. SAN. VE DIS TIC. LTD. STI. | NİRON GRUP SANAL MARKET İLETİŞİM YAZILIM GIDA BASIN YAYIN TURZ. SAN. VE DIŞ TİC. LTD. ŞTİ.,1,İstanbul Mobilya Fuarı,True,B,RISK,Manual review or relation dedupe,0,1,5331500044,nironyatak.com,export@nironyatak.com | info@nironyatak.com
nirumand polymer pars engineering,2806|31210,NIRUMAND POLYMER PARS ENGINEERING | NİRUMAND POLYMER PARS ENGİNEERİNG,1,Plast Eurasia İstanbul,True,B,RISK,Manual review or relation dedupe,0,1,98213511 | 989123969179,nirumandpolymer.com | npolymer.com,pr@npolymer.com
nita dis,5123|24074,NITA DIS TICARET A.S. | NİTA DIŞ TİCARET A.Ş.,1,İstanbul Oyuncak Fuarı,True,B,RISK,Manual review or relation dedupe,0,1,2122312595,nitatoys.com,info@ni-ta.com
nitroist ambalaj,21952|31365,NITROIST AMBALAJ SAN. TIC. A.S. | NİTROİST AMBALAJ SAN. TİC. A.Ş.,1,Avrasya Ambalaj,True,B,RISK,Manual review or relation dedupe,0,1,5058249821 | 905058249821,nitroist.com,info@nitroist.com
o t genc dental,14090|29241,O.T. GENÇ DENTAL | O.T. GENÇ DENTAL,1,IDEX İSTANBUL,True,B,RISK,Manual review or relation dedupe,0,1,2124911144,genc-dental.business.site,gencdentalengin@gmail.com
ofisbazaar buro mutfak banyo mod mob paz,4304|24417,OFISBAZAAR BÜRO-MUTFAK-BANYO MOD.MOB. SAN. TIC. VE PAZ. LTD. STI. | OFİSBAZAAR BÜRO-MUTFAK-BANYO MOD.MOB. SAN. TİC. VE PAZ. LTD. ŞTİ.,1,İstanbul Mobilya Fuarı,True,B,RISK,Manual review or relation dedupe,0,1,5065102745,ofisbazaar.com,info@ofisbazaar.com | noreply@ofisbazaar.com | web@ofisbazaar.com
oli makina,22318|22325,OLI MAKINA SANAYI VE TICARET LTD. STI. | OLI MAKINA SANAYI VE TICARET LTD. STI.,1,WoodTech,True,B,RISK,Manual review or relation dedupe,0,1,,olispeed.com | olivibra.com,martingeorgebruce@gmail.com | sales@olispeed.kinsta.cloud
onex dental,14093|29242,ONEX DENTAL TİC. LTD. ŞTİ. | ONEX DENTAL,1,IDEX İSTANBUL,True,B,RISK,Manual review or relation dedupe,0,1,2122310320,onexdental.com,info@onexdental.com
orbis kaplama metal urunleri kimya otom nalb ith ihr,4307|4308,ORBIS KAPLAMA VE METAL ÜRÜNLERI KIMYA OTOM.NALB.ITH.IHR.SAN.TIC.LTD.STI. | ORBIS KAPLAMA VE METAL ÜRÜNLERI KIMYA OTOM.NALB.ITH.IHR.SAN.TIC.LTD.STI.,1,İstanbul Mobilya Fuarı,True,B,RISK,Manual review or relation dedupe,0,1,5549997080,orbiskaplama.com,info@orbiskaplama.com
orbone osteogenesis,14095|29244,ORBONE OSTEOGENESİS A.Ş. | ORBONE OSTEOGENESİS,1,IDEX İSTANBUL,True,B,RISK,Manual review or relation dedupe,0,1,3124796160,orbone.com.tr,info@orbone.com.tr | satis@orbone.com.tr
orhon dis deposu,14097|29245,ORHON DİŞ DEPOSU | ORHON DİŞ DEPOSU,1,IDEX İSTANBUL,True,B,RISK,Manual review or relation dedupe,0,1,3522311145,orhondis.com,info@orhondis.com.tr | mehmetorhon@orhondis.com
ortho system medikal,14099|29246,ORTHO SYSTEM MEDİKAL A.Ş. | ORTHO SYSTEM MEDİKAL,1,IDEX İSTANBUL,True,B,RISK,Manual review or relation dedupe,0,1,2125213235,ortosistem.com.tr,info@ortosistem.com.tr
ozmermer flour mills,18924|30376,ÖZMERMER FLOUR MILLS | OZMERMER FLOUR MILLS,1,World Food İstanbul ,True,B,RISK,Manual review or relation dedupe,0,1,,,info@ozmermerun.com
pasa koltuk mobilya,4893|24353,PASA KOLTUK MOBILYA SANAYI VE TICARET LTD.STI. | PAŞA KOLTUK MOBİLYA SANAYİ VE TİCARET LTD.ŞTİ.,1,İstanbul Mobilya Fuarı,True,B,RISK,Manual review or relation dedupe,0,1,2247117488,pasakoltuk.com,info@pasakoltuk.com
picasso marnero mob aks ins nak gida,4506|24357,PICASSO MARNERO MOB.AKS.INS.NAK.GIDA SAN. VE TIC.LTD.STI. | PİCASSO MARNERO MOB.AKS.İNŞ.NAK.GIDA SAN. VE TİC.LTD.ŞTİ.,1,İstanbul Mobilya Fuarı,True,B,RISK,Manual review or relation dedupe,0,1,5326325042,picassomarnero.com.tr,info@picassomarnero.com.tr | muhasebe@picassomarnero.com.tr
pier koltuk tekstil mobilya imalat,4568|24358,PIER KOLTUK TEKSTIL MOBILYA IMALAT SAN. VE TIC. LTD. STI. | PİER KOLTUK TEKSTİL MOBİLYA İMALAT SAN. VE TİC. LTD. ŞTİ.,1,İstanbul Mobilya Fuarı,True,B,RISK,Manual review or relation dedupe,0,1,5325576999,piermobilya.com,info@piermobilya.com | pierkoltuk@hotmail.com
plas plastik ambalaj,21652|31292,PLAS PLASTIK AMBALAJ SAN. VE TIC. A.S. | PLAŞ PLASTİK AMBALAJ SAN. VE TİC. A.Ş.,1,Avrasya Ambalaj,True,B,RISK,Manual review or relation dedupe,0,1,2123263600 | 902123263600,plas.com.tr,bilgi@plas.com.tr | kvkk@plas.com.tr
polimot lineer hareket sistemleri mekatronik,5952|32070,POLIMOT LINEER HAREKET SISTEMLERI VE MEKATRONIK SAN. TIC. LTD. STI. | POLİMOT LİNEER HAREKET SİSTEMLERİ VE MEKATRONİK SAN.TİC.LTD.ŞTİ.,1,Expomed Eurasia - Medikal Fuarı,True,B,RISK,Manual review or relation dedupe,0,1,23279340,polimot.com,info@polimot.com
polysan tekstil,1884|32492,POLYSAN TEKSTIL SANAYI VE TICARET ANONIM SIRKETI | POLYSAN TEKSTİL SANAYİ VE TİCARET ANONİM ŞİRKETİ,1,CFE - Carpet and Flooring Expo,True,B,RISK,Manual review or relation dedupe,0,1,905336308668,,info@polysan.com.tr | orhcapkur@gmail.com
prizma ambalaj matbaacilik tekstil,22003|31378,PRIZMA AMBALAJ MATBAACILIK TEKSTIL SAN. VE TIC. LTD. STI. | PRİZMA AMBALAJ MATBAACİLİK TEKSTİL SAN. VE TİC. LTD. ŞTİ.,1,Avrasya Ambalaj,True,B,RISK,Manual review or relation dedupe,0,1,5321630137 | 90532211,prizmaambalaj.com,info@prizmaambalaj.com
protel,23983|23984,Protel | Protel A.Ş.,1,Atrax,True,B,RISK,Manual review or relation dedupe,0,1,5309698061 | 5334161686,,ouzuncaova@protel.com.tr | oyazici@protel.com.tr
quzhou jinyuan hongtai refrigerant co,300|719,"QUZHOU JINYUAN HONGTAI REFRIGERANT CO., LTD | QUZHOU JINYUAN HONGTAI REFRIGERANT CO., LTD",1,ISK-SODEX,True,B,RISK,Manual review or relation dedupe,0,1,861315913411 | 8657080687611,jx-refrigerant.com | owon-smart.com,bella.dong@ix-refrigerant.com | sales@owon.com
regnum hali ic dis,1888|31482,REGNUM HALI IÇ DIS TIC. LTD. STI. | REGNUM HALİ İÇ DİŞ TİC. LTD. ŞTİ.,1,CFE - Carpet and Flooring Expo,True,B,RISK,Manual review or relation dedupe,0,1,905335016209,regnumcarpet.com,info@regnumcarpet.com | muhasebe@regnumcarpet.com
rival valve,585|32312,RIVAL VALVE | RİVAL VALVE,1,ISK-SODEX,True,B,RISK,Manual review or relation dedupe,0,1,2426060339 | 902426060339,rivalvalve.com,export@rivalvalve.com | info@rivalvalve.com
rivanna mobilya,3981|24368,RIVANNA MOBILYA LTD STI | RİVANNA MOBİLYA LTD ŞTİ,1,İstanbul Mobilya Fuarı,True,B,RISK,Manual review or relation dedupe,0,1,5397002021,rivanna.com.tr,export@rivanna.com.tr | info@rivanna.com.tr
rivista mobilya,4575|24369,RIVISTA MOBILYA SANAYI TICARET LIMITED SIRKETI | RİVİSTA MOBİLYA SANAYİ TİCARET LİMİTED ŞİRKETİ,1,İstanbul Mobilya Fuarı,True,B,RISK,Manual review or relation dedupe,0,1,5333580776,rivistamobilya.com.tr,info@rivistamobilya.com.tr | rivista_17@hotmail.com
roza hali,1885|32472,ROZA HALI SAN.VE TIC. A.S | ROZA HALİ SAN. VE TİC. A.Ş.,1,CFE - Carpet and Flooring Expo,True,B,RISK,Manual review or relation dedupe,0,1,904447692,rozacarpet.com,info@rozacarpet.com | mehmet@rozacarpet.com
ruian city yangyu motor vehicle parts co,12227|27393,"Ruian City Yangyu Motor Vehicle Parts Co., Ltd. | RUIAN CITY YANGYU MOTOR VEHICLE PARTS CO., LTD.",1,Automechanika İstanbul,True,B,RISK,Manual review or relation dedupe,0,1,,rayangyu.com,5bdc22acb8300c9b@apps.messenger.live.com | 7d7b7e09cfd28864@apps.messenger.live.com | b93bd1168f238027@apps.messenger.live.com | rayangyu@vip.163.com | vida@rayangyu.com | yangyu02@vip.163.com | yangyu03@vip.163.com | zora@rayangyu.com
ruian weichuang auto parts co,12387|27359,"Ruian Weichuang Auto Parts Co.,Ltd | RUIAN WEICHUANG AUTO PARTS CO.,LTD",1,Automechanika İstanbul,True,B,RISK,Manual review or relation dedupe,0,1,,zfsolenoid.com,sales@zfsolenoid.com | zfsolenoid@hotmail.com
sahbazogullari mobilya ev tekstili day tuk mal tas ith ihr,4365|24382,SAHBAZOGULLARI MOBILYA EV TEKSTILI DAY.TÜK.MAL.TAS.ITH.IHR.SAN.TIC.LTD.STI. | ŞAHBAZOĞULLARI MOBİLYA EV TEKSTİLİ DAY.TÜK.MAL.TAŞ.İTH.İHR.SAN.TİC.LTD.ŞTİ.,1,İstanbul Mobilya Fuarı,True,B,RISK,Manual review or relation dedupe,0,1,5418350158,togobedding.net,info@togobedding.net
saheser home,8759|28934,SAHESER HOME | ŞAHESER HOME ,1,HOMETEX,True,B,RISK,Manual review or relation dedupe,0,1,,saheserhome.com,info@saheserhome.com | zehra@saheserhome.com
sahin grup metal imalat,18279|30867,SAHIN GRUP METAL IMALAT SANAYI VE TICARET ANONIM SIRKETI | ŞAHiN GRUP METAL İMALAT SANAYi VE TiCARET ANONiM ŞiRKETi,1,İntermob,True,B,RISK,Manual review or relation dedupe,0,1,905075352239,http:,info@sahingrupmetal.com.tr
sahinler metal makina endustri,21542|32190,SAHINLER METAL MAKINA ENDÜSTRI A. S. | ŞAHİNLER METAL MAKİNA ENDÜSTRİ A. Ş.,1,Maktek Avrasya,True,B,RISK,Manual review or relation dedupe,0,1,2244700158,sahinlermetal.com,info@sahinlermetal.com
sahinler tekstil urun,4314|24355,SAHINLER TEKSTIL ÜRÜN.SAN.VE TIC.A.S. | ŞAHİNLER TEKSTİL ÜRÜN.SAN.VE TİC.A.Ş.,1,İstanbul Mobilya Fuarı,True,B,RISK,Manual review or relation dedupe,0,1,2127713319,penchederi.com,info@penchederi.com
sark isik hali mobilya turz,1865|23674,SARK ISIK HALI MOBILYA TURZ. TIC. LTD. STI. | ŞARK IŞIK HALI MOBİLYA TURZ. TİC. LTD. ŞTİ.,1,CFE - Carpet and Flooring Expo,True,B,RISK,Manual review or relation dedupe,0,1,3123536775,kashehali.com.tr,info@fermfix.com | info@kashehali.com.tr | info@sarkisikevdizayn.com
sayeste kaucuk lateks kimyevi maddeler,10669|31898,SAYESTE KAUÇUK LATEKS VE KIMYEVI MADDELER SANAYI VE TICARET ANONIM SIRKETI | ŞAYESTE KAUÇUK LATEKS VE KİMYEVİ MADDELER SANAYİ VE TİCARET ANONİM ŞİRKETİ,1,Kauçuk Avrasya Fuarı,True,B,RISK,Manual review or relation dedupe,0,1,2125224012,sayestekaucuk.net,info@sayestekaucuk.net
seba mensucat,4595|4596,SEBA MENSUCAT SANAYI VE TICARET A.S. | SEBA MENSUCAT SANAYI VE TICARET A.S.,1,İstanbul Mobilya Fuarı,True,B,RISK,Manual review or relation dedupe,0,1,2243727070,sebatekstil.com,sebatekstil@sebatekstil.com | sebatex@sebatex.co.uk
seckin madeni esya,23127|34415,SEÇKİN MADENİ EŞYA SAN. VE TİC.LTD.ŞTİ. | Seçkin Madeni Eşya San. ve Tic. A.Ş.,1,İstanbul Hırdavat Fuarı,True,B,RISK,Manual review or relation dedupe,0,1,,seckinmerdiven.com,bilgi@seckinmerdiven.com | info@seckinmerdiven.com
selinay moda tasarim tekstil,8590|28936,SELINAY MODA TASARIM TEKSTIL SAN.LTD.STI | SELİNAY MODA TASARIM TEKSTİL,1,HOMETEX,True,B,RISK,Manual review or relation dedupe,0,1,,casanaturale.com.tr,info@selinaytekstil.com.tr | pazarlama3@selinay.com.tr
senmak mak,2827|2828,SENMAK MAK. SAN. TIC. A.S. | ŞENMAK MAK. SAN. TİC. A.Ş.,1,Plast Eurasia İstanbul,True,B,RISK,Manual review or relation dedupe,0,1,2124853330,senmak.com,senmak@senmak.com | senmakusa@senmak.com
sensor yangin sistemleri,128|129,SENSOR YANGIN SİSTEMLERİ | SENSÖR YANGIN SİSTEMLERİ,1,ISAF - IMEX,True,B,RISK,Manual review or relation dedupe,0,1,2165764646,,info@sensoryangin.com
seskalar mobilya insaat mimarlik,4611|24376,SESKALAR MOBILYA INSAAT MIMARLIK SAN. VE TIC.LTD.STI. | ŞEŞKALAR MOBİLYA İNŞAAT MİMARLIK SAN. VE TİC.LTD.ŞTİ.,1,İstanbul Mobilya Fuarı,True,B,RISK,Manual review or relation dedupe,0,1,5325625255,seskalarmobilya.com,info@seskalarmobilya.com | seskalarmobilya@hotmail.com
seta fabrics tekstil dis,7832|19201,SETA FABRICS TEKSTIL SANAYI VE DIS TICARET ANONIM SIRKETI | SETA FABRICS TEKSTİL SANAYI VE DIS TICARET ANONIM SIRKETI,1,Texhibition İstanbul,True,B,RISK,Manual review or relation dedupe,0,1,,setafabrics.com,info@setafabrics.com | marketing@setafabrics.com
sevenler dis deposu,14167|29281,SEVENLER DİŞ DEPOSU | SEVENLER DİŞ DEPOSU,1,IDEX İSTANBUL,True,B,RISK,Manual review or relation dedupe,0,1,2125214474,sevenlerdis.com,sevenlerdis@gmail.com
shandong geelong machinery equipment co,22315|22319,"SHANDONG GEELONG MACHINERY EQUIPMENT CO., LTD. | SHANDONG GEELONG MACHINERY EQUIPMENT CO., LTD.",1,WoodTech,True,B,RISK,Manual review or relation dedupe,0,1,,geelongmachinery.com | linyiplywoodmachine.com,geelongwoodmachine@hotmail.com | lee@geelonggroup.com | mrlirongkui@foxmail.com
siela hali ic dis,1915|23669,SIELA HALI IÇ VE DIS TICARET LTD. STI. | SİELA HALI İÇ VE DIŞ TİCARET LTD. ŞTİ.,1,CFE - Carpet and Flooring Expo,True,B,RISK,Manual review or relation dedupe,0,1,,,iletisim@sielahali.com | info@sielahali.com
sim brode,8381|28943,SIM BRODE | SİM BRODE,1,HOMETEX,True,B,RISK,Manual review or relation dedupe,0,1,,simbrode.com,info@simbrode.com
simge reklam nevzat guven,22648|22649,SIMGE REKLAM - NEVZAT GÜVEN | SİMGE REKLAM - NEVZAT GÜVEN,2,Promo Gift İstanbul | Sign İstanbul,True,B,RISK,Manual review or relation dedupe,0,1,,,info@simgereklam.com.tr | info@simgetanitim.com
simiteks teks,18272|28703,SIMITEKS TEKS.SAN. VE TIC.LTD.STI. | SİMİTEKS TEKS.SAN. VE TİC.LTD.ŞTİ.,1,İntermob,True,B,RISK,Manual review or relation dedupe,0,1,2127714989,simiteks.com,help@company.com | info@makroyachtsystems.com | info@simiteks.com | simiteks@company.com
simsek ambalaj,22042|32693,SIMSEK AMBALAJ SAN. VE TIC. A.S. | ŞİMŞEK AMBALAJ SANAYİ VE TİCARET A.Ş.,1,Avrasya Ambalaj,True,B,RISK,Manual review or relation dedupe,0,1,2323768856 | 902323768856,simsekambalaj.com.tr,info@simsekambalaj.com.tr
simurg tasarim danismanlik reklam tekstil,8816|8825,SIMURG TASARIM DANISMANLIK REKLAM TEKSTIL SAN.VE TIC.LTD.STI. | SIMURG TASARIM DANISMANLIK REKLAM TEKSTIL SAN.VE TIC.LTD.STI.,1,IFCO - Hazır Giyim ve Moda Fuarı,True,B,RISK,Manual review or relation dedupe,0,1,,ozmoz.com.tr | simurgtasarim.com,info@ozmoz.com.tr | info@simurgtasarim.com
sinangin matbaacilik amb,22043|31384,SINANGIN MATBAACILIK AMB. SAN. VE TIC. A.S. | SİNANGİN MATBAACİLİK AMB SAN. VE TİC. A.Ş.,1,Avrasya Ambalaj,True,B,RISK,Manual review or relation dedupe,0,1,21262412 | 2126290412,sinangin.com.tr,ambalaj@sinangin.com.tr | info@sinangin.com.tr | packaging@sinangin.com.tr | promosyon@sinangin.com.tr | promotion@sinangin.com.tr
sinc hali tekstil sirketi,1997|23670,SINÇ HALI TEKSTIL SANAYI VE TICARET SIRKETI | SİNÇ HALI TEKSTİL SANAYİ VE TİCARET ŞİRKETİ,1,CFE - Carpet and Flooring Expo,True,B,RISK,Manual review or relation dedupe,0,1,,optimaelit.com,info@optimaelit.com
sirikcioglu mensucat,4819|4941,ŞİRİKÇİOĞLU MENSUCAT SAN. VE TİC. A.Ş. | SIRIKÇIOGLU MENSUCAT SAN. VE TIC.A.S.,1,Uluslararası İstanbul İplik Fuarı,True,B,RISK,Manual review or relation dedupe,0,1,3442340000 | 3523115106,,info@sirikcioglu.com.tr | okahveci@sirikcioglu.com.tr | vcimen@sirikcioglu.com.tr
sisco,23561|31163,SISCO | SİSCO,1,Plast Eurasia İstanbul,True,B,RISK,Manual review or relation dedupe,0,1,905521531018,siscokimya.com.tr,info@siscokimya.com.tr
siteks tekstil,1938|23671,SITEKS TEKSTIL SAN. VE TIC. LTD. STI. | SİTEKS TEKSTİL SAN. VE TİC. LTD. ŞTİ.,1,CFE - Carpet and Flooring Expo,True,B,RISK,Manual review or relation dedupe,0,1,,,info@carina.com | info@siteks.com.tr
spafax international,28435|28436,SPAFAX INTERNATIONAL LTD | SPAFAX INTERNATİONAL LTD,1,IDEF,True,B,RISK,Manual review or relation dedupe,0,1,,spafaxmirrors.com,andrewburnell@spafaxmirrors.com | info@spafaxmirrors.com
sportalya spor malzemeleri,24007|24008,Sportalya spor malzemeleri san tic ltd şti | Sportalya Spor malzemeleri san. Tic.ltd.şti,1,Atrax,True,B,RISK,Manual review or relation dedupe,0,1,5415737097 | 5541645353,,ondercilingiroglu53@gmail.com | osmanserdarcakir@gmail.com
tayba hali teks pvc ima ith ihr,23676|31488,TAYBA HALI TEKS. PVC İMA. İTH.İHR.SAN.TİC.LTD.ŞTİ. | TAYBA HALİ TEKS. PVC İMA. İTH.İHR.SAN.TİC.LTD.ŞTİ.,1,CFE - Carpet and Flooring Expo,True,B,RISK,Manual review or relation dedupe,0,1,905343065456,taybacarpet.com,info@taybacarpet.com | muhasebe@taybacarpet.com
te connectivity,28482|28483,TE CONNECTİVİTY | TE CONNECTİVİTY LTD.,1,IDEF,True,B,RISK,Manual review or relation dedupe,0,1,,te.com,socialmedia@te.com | te@empa.com
tek metal,14199|29293,TEK METAL SAN. VE TİC. A.Ş. | TEK METAL,1,IDEX İSTANBUL,True,B,RISK,Manual review or relation dedupe,0,1,2126715104,bosphorus.com.tr,info@bosphorus.com.tr | marketing@tek-metal.com | muhasebe@tek-metal.com | tekmetal@tek-metal.com
teknotel krom ev urunleri,21136|21137,TEKNOTEL KROM EV ÜRÜNLERİ SAN. VE TİC. LTD. ŞTİ. | Teknotel Krom Ev Ürünleri San. Tic. Ltd. Şti.,1,Zuchex,True,B,RISK,Manual review or relation dedupe,0,1,21265911 | 8508887070,tekno-tel.com.tr | teknotel.com.tr,info@tekno-tel.com.tr | info@teknotel.com.tr
terralab laboratuvar malzemeleri,11095|11181,TERRALAB LABORATUVAR MALZEMELERI SAN. VE TIC. A.S. | TERRALAB LABORATUVAR MALZEMELERİ SAN. VE TİC. A.Ş.,1,Maden Türkiye Uluslararası Madencilik Fuarı,True,B,RISK,Manual review or relation dedupe,0,1,,,info@terralab.com.tr
tibet hali pazarlama,1949|23677,TIBET HALI PAZARLAMA SANAYI VE TICARET LIMITED SIRKETI | TİBET HALI PAZARLAMA SANAYİ VE TİCARET LİMİTED ŞİRKETİ,1,CFE - Carpet and Flooring Expo,True,B,RISK,Manual review or relation dedupe,0,1,,,info@ekohalionline.com | tibet@tibet.com.tr
titizler tekstil,7853|19211,TITIZLER TEKSTIL TIC LTD STI | TİTİZLER TEKSTİL TİCARET LTD. ŞTİ.,1,Texhibition İstanbul,True,B,RISK,Manual review or relation dedupe,0,1,,titizlertekstil.com,info@titizlertekstil.com
tolga dis deposu,14210|29301,TOLGA DİŞ DEPOSU | TOLGA DİŞ DEPOSU,1,IDEX İSTANBUL,True,B,RISK,Manual review or relation dedupe,0,1,2125327080,tolgadental.com | tolgadisdeposu.com,bilgi@tolgadental.com | info@tolgadental.com
topcu dental,14212|29302,TOPÇU DENTAL TİCARET | TOPÇU DENTAL,1,IDEX İSTANBUL,True,B,RISK,Manual review or relation dedupe,0,1,2324648513,topcudental.com,iletisim@topcudental.com | info@topcudental.com | topcudental@hotmail.com
trident maritime systems,28539|28541,TRIDENT MARITIME SYSTEMS | TRİDENT MARİTİME SYSTEMS,1,IDEF,True,B,RISK,Manual review or relation dedupe,0,1,,tridentllc.com,info@tridentllc.com | simon.allin@tridentllc.com
troya proses makina kimya maden teknolojileri,11096|11183,TROYA PROSES MAKINA KIMYA MADEN TEKNOLOJILERI TIC. A.S. | TROYA PROSES MAKİNA KİMYA MADEN TEKNOLOJİLERİ TİC. A.Ş.,1,Maden Türkiye Uluslararası Madencilik Fuarı,True,B,RISK,Manual review or relation dedupe,0,1,,,info@troyaproses.com
turkmedident dis saglik urunleri,14220|14223,TURKMEDIDENT DIS SAGLIK URUNLERI TIC.SAN.LTD.ŞTİ. | TÜRKMEDİDENT DİŞ SAĞLIK ÜRÜNLERİ TİC. SAN. LTD.ŞTİ.,1,IDEX İSTANBUL,True,B,RISK,Manual review or relation dedupe,0,1,,,dental.e@yahoo.com | info@turkmedident.com
turkmen hali,1893|32482,TÜRKMEN HALI SANAYI VE TICARET LIMITED SIRKETI | TÜRKMEN HALİ SANAYİ VE TİCARET LİMİTED ŞİRKETİ,1,CFE - Carpet and Flooring Expo,True,B,RISK,Manual review or relation dedupe,0,1,902124440055,turkmenhali.com.tr,info@turkmenhali.com.tr | siparis@turkmenhali.com.tr
ugur orman ur mob mot arac ins taah nak ic dis,4638|24352,UGUR ORMAN ÜR. MOB. MOT. ARAÇ. INS. TAAH. NAK. SAN. IÇ VE DIS TIC. LTD. STI. | UĞUR ORMAN ÜR. MOB. MOT. ARAÇ. İNŞ. TAAH. NAK. SAN. İÇ VE DIŞ TİC. LTD. ŞTİ.,1,İstanbul Mobilya Fuarı,True,B,RISK,Manual review or relation dedupe,0,1,2247185282,ozzo.com.tr,export@ozzo.com.tr | info@ozzo.com.tr | uretim2@ozzo.com.tr
ugurlu ev donanimlari,4372|24386,UGURLU EV DONANIMLARI SAN. TIC. LTD. STI. | UĞURLU EV DONANIMLARI SAN. TİC. LTD. ŞTİ.,1,İstanbul Mobilya Fuarı,True,B,RISK,Manual review or relation dedupe,0,1,3523872215,ugurlugencodasi.com,info@ugurlugencodasi.com
ulusal kamp karavan federasyonu,31559|32829,ULUSAL KAMP VE KARAVAN FEDERASYONU  | ULUSAL KAMP VE KARAVAN FEDERASYONU,1,KARAVANİST İstanbul,True,B,RISK,Manual review or relation dedupe,0,1,5359758784,ukkf.org,info@ukkf.org
ulutas ic dis,1867|31491,ULUTAS IÇ VE DIS TIC. LTD.STI | ULUTAŞ İÇ VE DİŞ TİC. LTD.ŞTİ,1,CFE - Carpet and Flooring Expo,True,B,RISK,Manual review or relation dedupe,0,1,5031510 | 903425031510,ulutas-carpet.com,info@ulutas-carpet.com | muhasebe@ulutas-carpet.com
unaldi medikal,14237|29318,ÜNALDI MEDİKAL TİC. VE SAN. LTD. ŞTİ. | ÜNALDI MEDİKAL,1,IDEX İSTANBUL,True,B,RISK,Manual review or relation dedupe,0,1,2126213271,unaldimedikal.com.tr,bulent@unaldimedikal.com.tr | info@unaldimedikal.com.tr
uncumed dis malzemeleri,14230|29314,UNCUMED DİŞ MALZEMELERİ TİC. LTD. ŞTİ. | UNCUMED DİŞ MALZEMELERİ,1,IDEX İSTANBUL,True,B,RISK,Manual review or relation dedupe,0,1,3423606707,uncumed.com,info@uncumed.com
unimed tibbi analitik cihazlar,14231|14233,UNIMED TIBBİ VE ANALİTİK CİHAZLAR SAN. VE TİC. LTD. ŞTİ. | UNİMED TIBBI VE ANALİTİK CİHAZLAR SAN. VE TİC. LTD ŞTİ.,1,IDEX İSTANBUL,True,B,RISK,Manual review or relation dedupe,0,1,,unimedltd.com,info@unimedltd.com | naciye@unimedltd.com | unimed@unimedltd.com
vandewiele nv,23683|31492,VANDEWIELE NV | VANDEWİELE NV,1,CFE - Carpet and Flooring Expo,True,B,RISK,Manual review or relation dedupe,0,1,3256243211,vandewiele.com,info@digitalpulse.be | info@vandewiele.com | istanbul@vandewiele.com
vezirsah hali mobilya paz ith ihr,23685|32485,VEZİRŞAH HALI MOBİLYA SAN. TİC. PAZ. İTH. İHR. A.Ş. | VEZİRŞAH HALİ MOBİLYA SAN. TİC. PAZ. İTH. İHR. A.Ş.,1,CFE - Carpet and Flooring Expo,True,B,RISK,Manual review or relation dedupe,0,1,905539098699,vezirsah.com,info@vezirsah.com | siparis@vezirsah.com
vip ahmet ev mutfak gerecleri,5417|23718,VIP AHMET EV VE MUTFAK GEREÇLERI ITHALAT IHRACAT A.S. | VİP AHMET EV VE MUTFAK GEREÇLERİ İTHALAT İHRACAT A.Ş.,1,HOST Istanbul Fuarı,True,B,RISK,Manual review or relation dedupe,0,1,8508889999 | 908508889999,vipahmet.com.tr,info@vipahmet.com.tr
vira dijital baski urunleri,22687|22689,VIRA DIJITAL BASKI ÜRÜNLERI TICARET VE SANAYI LTD. STI. | VİRA DİJİTAL BASKI ÜRÜNLERİ TİCARET VE SANAYİ LTD. ŞTİ.,2,Promo Gift İstanbul | Sign İstanbul,True,B,RISK,Manual review or relation dedupe,0,1,,,info@viradijital.com | muhasebe@viradijital.com
vital hali,1891|32486,VITAL HALI SANAYI VE TICARET ANONIM SIRKETI | VİTAL HALİ SANAYİ VE TİCARET ANONİM ŞİRKETİ,1,CFE - Carpet and Flooring Expo,True,B,RISK,Manual review or relation dedupe,0,1,905421302527,vitalrugs.com,info@vitalcarpet.com | sales@vitalrugs.com
vitrosens biyoteknoloji,6036|27028,VITROSENS BIYOTEKNOLOJI LTD. STI. | VİTROSENS BİYOTEKNOLOJİ ANONİM ŞİRKETİ,1,Expomed Eurasia - Medikal Fuarı,True,B,RISK,Manual review or relation dedupe,0,1,2167844101,vitrosens.com,info@vitrosens.com
voltaj elektrikli cihazlar,20783|30140,VOLTAJ ELEKTRİKLİ CİHAZLAR SAN. VE TİC. LTD. ŞTİ.   | VOLTAJ ELEKTRİKLİ CİHAZLAR LTD. ŞTİ.,1,Zuchex,True,B,RISK,Manual review or relation dedupe,0,1,8508882088,e-teba.com | eteba.com,info@voltaj.com.tr | voltajmuhasebe@gmail.com
vulcan teknoloji,14254|29327,VULCAN TEKNOLOJİ SANAYİ VE TİC. LTD. ŞTİ. | VULCAN TEKNOLOJİ,1,IDEX İSTANBUL,True,B,RISK,Manual review or relation dedupe,0,1,2164660085,vulcan-3d.com,info@venea3d.com | info@vulcan-3d.com
w h dental,14255|29328,W H DENTAL TİC. LTD. ŞTİ. | W&H DENTAL,1,IDEX İSTANBUL,True,B,RISK,Manual review or relation dedupe,0,1,2165058840,wh.com,office.tr@wh.com
wenzhou dingcheng electronic technology co,12378|27403,"WENZHOU DINGCHENG ELECTRONIC TECHNOLOGY CO.,LTD | WENZHOU DINGCHENG ELECTRONIC TECHNOLOGY CO., LTD",1,Automechanika İstanbul,True,B,RISK,Manual review or relation dedupe,0,1,,wzdingcheng.com,yanyi@wzdingcheng.com
wenzhou osmark sensor co,12236|27322,"Wenzhou Osmark Sensor Co.,Ltd. | WENZHOU OSMARK SENSÖR CO.,LTD.",1,Automechanika İstanbul,True,B,RISK,Manual review or relation dedupe,0,1,,osmark.com.cn,sale@osmark.com.cn
winland toroslular cam balkon yapi sist,2378|32556,WINLAND TOROSLULAR CAM BALKON VE YAPI SIST SAN TIC LTD STI | WİNLAND TOROSLULAR CAM BALKON VE YAPI SİST SAN TİC LTD ŞTİ,1,AVRASYA PENCERE FUARI,True,B,RISK,Manual review or relation dedupe,0,1,31239527 | 3123952790,winland.com.tr,info@winland.com.tr
wittmann battenfeld plastik mak,2452|31109,WITTMANN BATTENFELD PLASTIK MAK. LTD. STI. | WİTTMANN BATTENFELD PLASTiK MAK. LTD. ŞTi.,1,Plast Eurasia İstanbul,True,B,RISK,Manual review or relation dedupe,0,1,2165509314 | 902165509314,wittmann-group.com,info.tr@wittmann-group.com
yagmurpen pvc yapi elemanlari,3428|32557,YAGMURPEN PVC YAPI ELEMANLARI SANAYI VE TICARET AS | YAĞMURPEN PVC YAPI ELEMANLARI SANAYİ VE TİCARET AŞ,1,AVRASYA PENCERE FUARI,True,B,RISK,Manual review or relation dedupe,0,1,905345790581,yagmurpen.com,info@yagmurpen.com
yaren hali tekstil,1870|31495,YAREN HALI TEKSTIL SAN. TIC. LTD.STI. | YAREN HALİ TEKSTİL SAN. TİC. LTD.ŞTİ.,1,CFE - Carpet and Flooring Expo,True,B,RISK,Manual review or relation dedupe,0,1,3423379811 | 903423379811,yarencarpet.com,info@yarencarpet.com | yarenhali@hs02.kep.tr
zen tek makina kalip plastik,21203|26782,ZEN TEK MAKİNA KALIP VE PLASTİK SAN. TİC. LTD. ŞTİ. | ZEN-TEK MAKİNA KALIP VE PLASTİK SAN. TİC. LTD. ŞTİ.,1,Zuchex,True,B,RISK,Manual review or relation dedupe,0,1,3585142355,zentekmakina.com,info@zentekmakina.com
zhejiang daming refrigeration technology co,711|32330,"ZHEJIANG DAMING REFRIGERATION TECHNOLOGY CO., LTD. | ZHEJİANG DAMİNG REFRİGERATİON TECHNOLOGY CO., LTD.",1,ISK-SODEX,True,B,RISK,Manual review or relation dedupe,0,1,8657583509662 | 8657583509712,dm-compressor.com,sales@dm-compressor.com
zorel tekstil,8718|29036,ZOREL TEKSTIL LTD STI | ZOREL TEKSTİL,1,HOMETEX,True,B,RISK,Manual review or relation dedupe,0,1,,zoreltekstil.com.tr,vakcay@zoreltekstil.com.tr
