filename	viewport	absolute_path
_probe_continue_wizard_w1440.png		C:\Users\hinthorozuTUF\Kyrox\fair-crm\frontend\reports\full-ui-evidence\screenshots\_probe_continue_wizard_w1440.png
activities__w1023.png	1023	C:\Users\hinthorozuTUF\Kyrox\fair-crm\frontend\reports\full-ui-evidence\screenshots\activities__w1023.png
activities__w1024.png	1024	C:\Users\hinthorozuTUF\Kyrox\fair-crm\frontend\reports\full-ui-evidence\screenshots\activities__w1024.png
activities__w1025.png	1025	C:\Users\hinthorozuTUF\Kyrox\fair-crm\frontend\reports\full-ui-evidence\screenshots\activities__w1025.png
activities__w1439.png	1439	C:\Users\hinthorozuTUF\Kyrox\fair-crm\frontend\reports\full-ui-evidence\screenshots\activities__w1439.png
activities__w1440.png	1440	C:\Users\hinthorozuTUF\Kyrox\fair-crm\frontend\reports\full-ui-evidence\screenshots\activities__w1440.png
activities__w1441.png	1441	C:\Users\hinthorozuTUF\Kyrox\fair-crm\frontend\reports\full-ui-evidence\screenshots\activities__w1441.png
activities__w1920.png	1920	C:\Users\hinthorozuTUF\Kyrox\fair-crm\frontend\reports\full-ui-evidence\screenshots\activities__w1920.png
activities__w2560.png	2560	C:\Users\hinthorozuTUF\Kyrox\fair-crm\frontend\reports\full-ui-evidence\screenshots\activities__w2560.png
activities__w320.png	320	C:\Users\hinthorozuTUF\Kyrox\fair-crm\frontend\reports\full-ui-evidence\screenshots\activities__w320.png
activities__w3440.png	3440	C:\Users\hinthorozuTUF\Kyrox\fair-crm\frontend\reports\full-ui-evidence\screenshots\activities__w3440.png
activities__w3840.png	3840	C:\Users\hinthorozuTUF\Kyrox\fair-crm\frontend\reports\full-ui-evidence\screenshots\activities__w3840.png
activities__w390.png	390	C:\Users\hinthorozuTUF\Kyrox\fair-crm\frontend\reports\full-ui-evidence\screenshots\activities__w390.png
activities__w767.png	767	C:\Users\hinthorozuTUF\Kyrox\fair-crm\frontend\reports\full-ui-evidence\screenshots\activities__w767.png
activities__w768.png	768	C:\Users\hinthorozuTUF\Kyrox\fair-crm\frontend\reports\full-ui-evidence\screenshots\activities__w768.png
activities__w769.png	769	C:\Users\hinthorozuTUF\Kyrox\fair-crm\frontend\reports\full-ui-evidence\screenshots\activities__w769.png
admin_data-operations__w1023.png	1023	C:\Users\hinthorozuTUF\Kyrox\fair-crm\frontend\reports\full-ui-evidence\screenshots\admin_data-operations__w1023.png
admin_data-operations__w1024.png	1024	C:\Users\hinthorozuTUF\Kyrox\fair-crm\frontend\reports\full-ui-evidence\screenshots\admin_data-operations__w1024.png
admin_data-operations__w1025.png	1025	C:\Users\hinthorozuTUF\Kyrox\fair-crm\frontend\reports\full-ui-evidence\screenshots\admin_data-operations__w1025.png
admin_data-operations__w1439.png	1439	C:\Users\hinthorozuTUF\Kyrox\fair-crm\frontend\reports\full-ui-evidence\screenshots\admin_data-operations__w1439.png
admin_data-operations__w1440.png	1440	C:\Users\hinthorozuTUF\Kyrox\fair-crm\frontend\reports\full-ui-evidence\screenshots\admin_data-operations__w1440.png
admin_data-operations__w1441.png	1441	C:\Users\hinthorozuTUF\Kyrox\fair-crm\frontend\reports\full-ui-evidence\screenshots\admin_data-operations__w1441.png
admin_data-operations__w1920.png	1920	C:\Users\hinthorozuTUF\Kyrox\fair-crm\frontend\reports\full-ui-evidence\screenshots\admin_data-operations__w1920.png
admin_data-operations__w2560.png	2560	C:\Users\hinthorozuTUF\Kyrox\fair-crm\frontend\reports\full-ui-evidence\screenshots\admin_data-operations__w2560.png
admin_data-operations__w320.png	320	C:\Users\hinthorozuTUF\Kyrox\fair-crm\frontend\reports\full-ui-evidence\screenshots\admin_data-operations__w320.png
admin_data-operations__w3440.png	3440	C:\Users\hinthorozuTUF\Kyrox\fair-crm\frontend\reports\full-ui-evidence\screenshots\admin_data-operations__w3440.png
admin_data-operations__w3840.png	3840	C:\Users\hinthorozuTUF\Kyrox\fair-crm\frontend\reports\full-ui-evidence\screenshots\admin_data-operations__w3840.png
admin_data-operations__w390.png	390	C:\Users\hinthorozuTUF\Kyrox\fair-crm\frontend\reports\full-ui-evidence\screenshots\admin_data-operations__w390.png
admin_data-operations__w767.png	767	C:\Users\hinthorozuTUF\Kyrox\fair-crm\frontend\reports\full-ui-evidence\screenshots\admin_data-operations__w767.png
admin_data-operations__w768.png	768	C:\Users\hinthorozuTUF\Kyrox\fair-crm\frontend\reports\full-ui-evidence\screenshots\admin_data-operations__w768.png
admin_data-operations__w769.png	769	C:\Users\hinthorozuTUF\Kyrox\fair-crm\frontend\reports\full-ui-evidence\screenshots\admin_data-operations__w769.png
admin_data-operations_runs_runId__w1023.png	1023	C:\Users\hinthorozuTUF\Kyrox\fair-crm\frontend\reports\full-ui-evidence\screenshots\admin_data-operations_runs_runId__w1023.png
admin_data-operations_runs_runId__w1024.png	1024	C:\Users\hinthorozuTUF\Kyrox\fair-crm\frontend\reports\full-ui-evidence\screenshots\admin_data-operations_runs_runId__w1024.png
admin_data-operations_runs_runId__w1025.png	1025	C:\Users\hinthorozuTUF\Kyrox\fair-crm\frontend\reports\full-ui-evidence\screenshots\admin_data-operations_runs_runId__w1025.png
admin_data-operations_runs_runId__w1439.png	1439	C:\Users\hinthorozuTUF\Kyrox\fair-crm\frontend\reports\full-ui-evidence\screenshots\admin_data-operations_runs_runId__w1439.png
admin_data-operations_runs_runId__w1440.png	1440	C:\Users\hinthorozuTUF\Kyrox\fair-crm\frontend\reports\full-ui-evidence\screenshots\admin_data-operations_runs_runId__w1440.png
admin_data-operations_runs_runId__w1441.png	1441	C:\Users\hinthorozuTUF\Kyrox\fair-crm\frontend\reports\full-ui-evidence\screenshots\admin_data-operations_runs_runId__w1441.png
admin_data-operations_runs_runId__w1920.png	1920	C:\Users\hinthorozuTUF\Kyrox\fair-crm\frontend\reports\full-ui-evidence\screenshots\admin_data-operations_runs_runId__w1920.png
admin_data-operations_runs_runId__w2560.png	2560	C:\Users\hinthorozuTUF\Kyrox\fair-crm\frontend\reports\full-ui-evidence\screenshots\admin_data-operations_runs_runId__w2560.png
admin_data-operations_runs_runId__w320.png	320	C:\Users\hinthorozuTUF\Kyrox\fair-crm\frontend\reports\full-ui-evidence\screenshots\admin_data-operations_runs_runId__w320.png
admin_data-operations_runs_runId__w3440.png	3440	C:\Users\hinthorozuTUF\Kyrox\fair-crm\frontend\reports\full-ui-evidence\screenshots\admin_data-operations_runs_runId__w3440.png
admin_data-operations_runs_runId__w3840.png	3840	C:\Users\hinthorozuTUF\Kyrox\fair-crm\frontend\reports\full-ui-evidence\screenshots\admin_data-operations_runs_runId__w3840.png
admin_data-operations_runs_runId__w390.png	390	C:\Users\hinthorozuTUF\Kyrox\fair-crm\frontend\reports\full-ui-evidence\screenshots\admin_data-operations_runs_runId__w390.png
admin_data-operations_runs_runId__w767.png	767	C:\Users\hinthorozuTUF\Kyrox\fair-crm\frontend\reports\full-ui-evidence\screenshots\admin_data-operations_runs_runId__w767.png
admin_data-operations_runs_runId__w768.png	768	C:\Users\hinthorozuTUF\Kyrox\fair-crm\frontend\reports\full-ui-evidence\screenshots\admin_data-operations_runs_runId__w768.png
admin_data-operations_runs_runId__w769.png	769	C:\Users\hinthorozuTUF\Kyrox\fair-crm\frontend\reports\full-ui-evidence\screenshots\admin_data-operations_runs_runId__w769.png
admin_smtp-operations_accounts__w1023.png	1023	C:\Users\hinthorozuTUF\Kyrox\fair-crm\frontend\reports\full-ui-evidence\screenshots\admin_smtp-operations_accounts__w1023.png
admin_smtp-operations_accounts__w1024.png	1024	C:\Users\hinthorozuTUF\Kyrox\fair-crm\frontend\reports\full-ui-evidence\screenshots\admin_smtp-operations_accounts__w1024.png
admin_smtp-operations_accounts__w1025.png	1025	C:\Users\hinthorozuTUF\Kyrox\fair-crm\frontend\reports\full-ui-evidence\screenshots\admin_smtp-operations_accounts__w1025.png
admin_smtp-operations_accounts__w1439.png	1439	C:\Users\hinthorozuTUF\Kyrox\fair-crm\frontend\reports\full-ui-evidence\screenshots\admin_smtp-operations_accounts__w1439.png
admin_smtp-operations_accounts__w1440.png	1440	C:\Users\hinthorozuTUF\Kyrox\fair-crm\frontend\reports\full-ui-evidence\screenshots\admin_smtp-operations_accounts__w1440.png
admin_smtp-operations_accounts__w1441.png	1441	C:\Users\hinthorozuTUF\Kyrox\fair-crm\frontend\reports\full-ui-evidence\screenshots\admin_smtp-operations_accounts__w1441.png
admin_smtp-operations_accounts__w1920.png	1920	C:\Users\hinthorozuTUF\Kyrox\fair-crm\frontend\reports\full-ui-evidence\screenshots\admin_smtp-operations_accounts__w1920.png
admin_smtp-operations_accounts__w2560.png	2560	C:\Users\hinthorozuTUF\Kyrox\fair-crm\frontend\reports\full-ui-evidence\screenshots\admin_smtp-operations_accounts__w2560.png
admin_smtp-operations_accounts__w320.png	320	C:\Users\hinthorozuTUF\Kyrox\fair-crm\frontend\reports\full-ui-evidence\screenshots\admin_smtp-operations_accounts__w320.png
admin_smtp-operations_accounts__w3440.png	3440	C:\Users\hinthorozuTUF\Kyrox\fair-crm\frontend\reports\full-ui-evidence\screenshots\admin_smtp-operations_accounts__w3440.png
admin_smtp-operations_accounts__w3840.png	3840	C:\Users\hinthorozuTUF\Kyrox\fair-crm\frontend\reports\full-ui-evidence\screenshots\admin_smtp-operations_accounts__w3840.png
admin_smtp-operations_accounts__w390.png	390	C:\Users\hinthorozuTUF\Kyrox\fair-crm\frontend\reports\full-ui-evidence\screenshots\admin_smtp-operations_accounts__w390.png
admin_smtp-operations_accounts__w767.png	767	C:\Users\hinthorozuTUF\Kyrox\fair-crm\frontend\reports\full-ui-evidence\screenshots\admin_smtp-operations_accounts__w767.png
admin_smtp-operations_accounts__w768.png	768	C:\Users\hinthorozuTUF\Kyrox\fair-crm\frontend\reports\full-ui-evidence\screenshots\admin_smtp-operations_accounts__w768.png
admin_smtp-operations_accounts__w769.png	769	C:\Users\hinthorozuTUF\Kyrox\fair-crm\frontend\reports\full-ui-evidence\screenshots\admin_smtp-operations_accounts__w769.png
admin_smtp-operations_mail-operations__w1023.png	1023	C:\Users\hinthorozuTUF\Kyrox\fair-crm\frontend\reports\full-ui-evidence\screenshots\admin_smtp-operations_mail-operations__w1023.png
admin_smtp-operations_mail-operations__w1024.png	1024	C:\Users\hinthorozuTUF\Kyrox\fair-crm\frontend\reports\full-ui-evidence\screenshots\admin_smtp-operations_mail-operations__w1024.png
admin_smtp-operations_mail-operations__w1025.png	1025	C:\Users\hinthorozuTUF\Kyrox\fair-crm\frontend\reports\full-ui-evidence\screenshots\admin_smtp-operations_mail-operations__w1025.png
admin_smtp-operations_mail-operations__w1439.png	1439	C:\Users\hinthorozuTUF\Kyrox\fair-crm\frontend\reports\full-ui-evidence\screenshots\admin_smtp-operations_mail-operations__w1439.png
admin_smtp-operations_mail-operations__w1440.png	1440	C:\Users\hinthorozuTUF\Kyrox\fair-crm\frontend\reports\full-ui-evidence\screenshots\admin_smtp-operations_mail-operations__w1440.png
admin_smtp-operations_mail-operations__w1441.png	1441	C:\Users\hinthorozuTUF\Kyrox\fair-crm\frontend\reports\full-ui-evidence\screenshots\admin_smtp-operations_mail-operations__w1441.png
admin_smtp-operations_mail-operations__w1920.png	1920	C:\Users\hinthorozuTUF\Kyrox\fair-crm\frontend\reports\full-ui-evidence\screenshots\admin_smtp-operations_mail-operations__w1920.png
admin_smtp-operations_mail-operations__w2560.png	2560	C:\Users\hinthorozuTUF\Kyrox\fair-crm\frontend\reports\full-ui-evidence\screenshots\admin_smtp-operations_mail-operations__w2560.png
admin_smtp-operations_mail-operations__w320.png	320	C:\Users\hinthorozuTUF\Kyrox\fair-crm\frontend\reports\full-ui-evidence\screenshots\admin_smtp-operations_mail-operations__w320.png
admin_smtp-operations_mail-operations__w3440.png	3440	C:\Users\hinthorozuTUF\Kyrox\fair-crm\frontend\reports\full-ui-evidence\screenshots\admin_smtp-operations_mail-operations__w3440.png
admin_smtp-operations_mail-operations__w3840.png	3840	C:\Users\hinthorozuTUF\Kyrox\fair-crm\frontend\reports\full-ui-evidence\screenshots\admin_smtp-operations_mail-operations__w3840.png
admin_smtp-operations_mail-operations__w390.png	390	C:\Users\hinthorozuTUF\Kyrox\fair-crm\frontend\reports\full-ui-evidence\screenshots\admin_smtp-operations_mail-operations__w390.png
admin_smtp-operations_mail-operations__w767.png	767	C:\Users\hinthorozuTUF\Kyrox\fair-crm\frontend\reports\full-ui-evidence\screenshots\admin_smtp-operations_mail-operations__w767.png
admin_smtp-operations_mail-operations__w768.png	768	C:\Users\hinthorozuTUF\Kyrox\fair-crm\frontend\reports\full-ui-evidence\screenshots\admin_smtp-operations_mail-operations__w768.png
admin_smtp-operations_mail-operations__w769.png	769	C:\Users\hinthorozuTUF\Kyrox\fair-crm\frontend\reports\full-ui-evidence\screenshots\admin_smtp-operations_mail-operations__w769.png
admin_smtp-operations_templates__w1023.png	1023	C:\Users\hinthorozuTUF\Kyrox\fair-crm\frontend\reports\full-ui-evidence\screenshots\admin_smtp-operations_templates__w1023.png
admin_smtp-operations_templates__w1024.png	1024	C:\Users\hinthorozuTUF\Kyrox\fair-crm\frontend\reports\full-ui-evidence\screenshots\admin_smtp-operations_templates__w1024.png
admin_smtp-operations_templates__w1025.png	1025	C:\Users\hinthorozuTUF\Kyrox\fair-crm\frontend\reports\full-ui-evidence\screenshots\admin_smtp-operations_templates__w1025.png
admin_smtp-operations_templates__w1439.png	1439	C:\Users\hinthorozuTUF\Kyrox\fair-crm\frontend\reports\full-ui-evidence\screenshots\admin_smtp-operations_templates__w1439.png
admin_smtp-operations_templates__w1440.png	1440	C:\Users\hinthorozuTUF\Kyrox\fair-crm\frontend\reports\full-ui-evidence\screenshots\admin_smtp-operations_templates__w1440.png
admin_smtp-operations_templates__w1441.png	1441	C:\Users\hinthorozuTUF\Kyrox\fair-crm\frontend\reports\full-ui-evidence\screenshots\admin_smtp-operations_templates__w1441.png
admin_smtp-operations_templates__w1920.png	1920	C:\Users\hinthorozuTUF\Kyrox\fair-crm\frontend\reports\full-ui-evidence\screenshots\admin_smtp-operations_templates__w1920.png
admin_smtp-operations_templates__w2560.png	2560	C:\Users\hinthorozuTUF\Kyrox\fair-crm\frontend\reports\full-ui-evidence\screenshots\admin_smtp-operations_templates__w2560.png
admin_smtp-operations_templates__w320.png	320	C:\Users\hinthorozuTUF\Kyrox\fair-crm\frontend\reports\full-ui-evidence\screenshots\admin_smtp-operations_templates__w320.png
admin_smtp-operations_templates__w3440.png	3440	C:\Users\hinthorozuTUF\Kyrox\fair-crm\frontend\reports\full-ui-evidence\screenshots\admin_smtp-operations_templates__w3440.png
admin_smtp-operations_templates__w3840.png	3840	C:\Users\hinthorozuTUF\Kyrox\fair-crm\frontend\reports\full-ui-evidence\screenshots\admin_smtp-operations_templates__w3840.png
admin_smtp-operations_templates__w390.png	390	C:\Users\hinthorozuTUF\Kyrox\fair-crm\frontend\reports\full-ui-evidence\screenshots\admin_smtp-operations_templates__w390.png
admin_smtp-operations_templates__w767.png	767	C:\Users\hinthorozuTUF\Kyrox\fair-crm\frontend\reports\full-ui-evidence\screenshots\admin_smtp-operations_templates__w767.png
admin_smtp-operations_templates__w768.png	768	C:\Users\hinthorozuTUF\Kyrox\fair-crm\frontend\reports\full-ui-evidence\screenshots\admin_smtp-operations_templates__w768.png
admin_smtp-operations_templates__w769.png	769	C:\Users\hinthorozuTUF\Kyrox\fair-crm\frontend\reports\full-ui-evidence\screenshots\admin_smtp-operations_templates__w769.png
admin_system_backups__w1023.png	1023	C:\Users\hinthorozuTUF\Kyrox\fair-crm\frontend\reports\full-ui-evidence\screenshots\admin_system_backups__w1023.png
admin_system_backups__w1024.png	1024	C:\Users\hinthorozuTUF\Kyrox\fair-crm\frontend\reports\full-ui-evidence\screenshots\admin_system_backups__w1024.png
admin_system_backups__w1025.png	1025	C:\Users\hinthorozuTUF\Kyrox\fair-crm\frontend\reports\full-ui-evidence\screenshots\admin_system_backups__w1025.png
admin_system_backups__w1439.png	1439	C:\Users\hinthorozuTUF\Kyrox\fair-crm\frontend\reports\full-ui-evidence\screenshots\admin_system_backups__w1439.png
admin_system_backups__w1440.png	1440	C:\Users\hinthorozuTUF\Kyrox\fair-crm\frontend\reports\full-ui-evidence\screenshots\admin_system_backups__w1440.png
admin_system_backups__w1441.png	1441	C:\Users\hinthorozuTUF\Kyrox\fair-crm\frontend\reports\full-ui-evidence\screenshots\admin_system_backups__w1441.png
admin_system_backups__w1920.png	1920	C:\Users\hinthorozuTUF\Kyrox\fair-crm\frontend\reports\full-ui-evidence\screenshots\admin_system_backups__w1920.png
admin_system_backups__w2560.png	2560	C:\Users\hinthorozuTUF\Kyrox\fair-crm\frontend\reports\full-ui-evidence\screenshots\admin_system_backups__w2560.png
admin_system_backups__w320.png	320	C:\Users\hinthorozuTUF\Kyrox\fair-crm\frontend\reports\full-ui-evidence\screenshots\admin_system_backups__w320.png
admin_system_backups__w3440.png	3440	C:\Users\hinthorozuTUF\Kyrox\fair-crm\frontend\reports\full-ui-evidence\screenshots\admin_system_backups__w3440.png
admin_system_backups__w3840.png	3840	C:\Users\hinthorozuTUF\Kyrox\fair-crm\frontend\reports\full-ui-evidence\screenshots\admin_system_backups__w3840.png
admin_system_backups__w390.png	390	C:\Users\hinthorozuTUF\Kyrox\fair-crm\frontend\reports\full-ui-evidence\screenshots\admin_system_backups__w390.png
admin_system_backups__w767.png	767	C:\Users\hinthorozuTUF\Kyrox\fair-crm\frontend\reports\full-ui-evidence\screenshots\admin_system_backups__w767.png
admin_system_backups__w768.png	768	C:\Users\hinthorozuTUF\Kyrox\fair-crm\frontend\reports\full-ui-evidence\screenshots\admin_system_backups__w768.png
admin_system_backups__w769.png	769	C:\Users\hinthorozuTUF\Kyrox\fair-crm\frontend\reports\full-ui-evidence\screenshots\admin_system_backups__w769.png
customers__w1023.png	1023	C:\Users\hinthorozuTUF\Kyrox\fair-crm\frontend\reports\full-ui-evidence\screenshots\customers__w1023.png
customers__w1024.png	1024	C:\Users\hinthorozuTUF\Kyrox\fair-crm\frontend\reports\full-ui-evidence\screenshots\customers__w1024.png
customers__w1025.png	1025	C:\Users\hinthorozuTUF\Kyrox\fair-crm\frontend\reports\full-ui-evidence\screenshots\customers__w1025.png
customers__w1439.png	1439	C:\Users\hinthorozuTUF\Kyrox\fair-crm\frontend\reports\full-ui-evidence\screenshots\customers__w1439.png
customers__w1440.png	1440	C:\Users\hinthorozuTUF\Kyrox\fair-crm\frontend\reports\full-ui-evidence\screenshots\customers__w1440.png
customers__w1441.png	1441	C:\Users\hinthorozuTUF\Kyrox\fair-crm\frontend\reports\full-ui-evidence\screenshots\customers__w1441.png
customers__w1920.png	1920	C:\Users\hinthorozuTUF\Kyrox\fair-crm\frontend\reports\full-ui-evidence\screenshots\customers__w1920.png
customers__w2560.png	2560	C:\Users\hinthorozuTUF\Kyrox\fair-crm\frontend\reports\full-ui-evidence\screenshots\customers__w2560.png
customers__w320.png	320	C:\Users\hinthorozuTUF\Kyrox\fair-crm\frontend\reports\full-ui-evidence\screenshots\customers__w320.png
customers__w3440.png	3440	C:\Users\hinthorozuTUF\Kyrox\fair-crm\frontend\reports\full-ui-evidence\screenshots\customers__w3440.png
customers__w3840.png	3840	C:\Users\hinthorozuTUF\Kyrox\fair-crm\frontend\reports\full-ui-evidence\screenshots\customers__w3840.png
customers__w390.png	390	C:\Users\hinthorozuTUF\Kyrox\fair-crm\frontend\reports\full-ui-evidence\screenshots\customers__w390.png
customers__w767.png	767	C:\Users\hinthorozuTUF\Kyrox\fair-crm\frontend\reports\full-ui-evidence\screenshots\customers__w767.png
customers__w768.png	768	C:\Users\hinthorozuTUF\Kyrox\fair-crm\frontend\reports\full-ui-evidence\screenshots\customers__w768.png
customers__w769.png	769	C:\Users\hinthorozuTUF\Kyrox\fair-crm\frontend\reports\full-ui-evidence\screenshots\customers__w769.png
customers_id__w1023.png	1023	C:\Users\hinthorozuTUF\Kyrox\fair-crm\frontend\reports\full-ui-evidence\screenshots\customers_id__w1023.png
customers_id__w1024.png	1024	C:\Users\hinthorozuTUF\Kyrox\fair-crm\frontend\reports\full-ui-evidence\screenshots\customers_id__w1024.png
customers_id__w1025.png	1025	C:\Users\hinthorozuTUF\Kyrox\fair-crm\frontend\reports\full-ui-evidence\screenshots\customers_id__w1025.png
customers_id__w1439.png	1439	C:\Users\hinthorozuTUF\Kyrox\fair-crm\frontend\reports\full-ui-evidence\screenshots\customers_id__w1439.png
customers_id__w1440.png	1440	C:\Users\hinthorozuTUF\Kyrox\fair-crm\frontend\reports\full-ui-evidence\screenshots\customers_id__w1440.png
customers_id__w1441.png	1441	C:\Users\hinthorozuTUF\Kyrox\fair-crm\frontend\reports\full-ui-evidence\screenshots\customers_id__w1441.png
customers_id__w1920.png	1920	C:\Users\hinthorozuTUF\Kyrox\fair-crm\frontend\reports\full-ui-evidence\screenshots\customers_id__w1920.png
customers_id__w2560.png	2560	C:\Users\hinthorozuTUF\Kyrox\fair-crm\frontend\reports\full-ui-evidence\screenshots\customers_id__w2560.png
customers_id__w320.png	320	C:\Users\hinthorozuTUF\Kyrox\fair-crm\frontend\reports\full-ui-evidence\screenshots\customers_id__w320.png
customers_id__w3440.png	3440	C:\Users\hinthorozuTUF\Kyrox\fair-crm\frontend\reports\full-ui-evidence\screenshots\customers_id__w3440.png
customers_id__w3840.png	3840	C:\Users\hinthorozuTUF\Kyrox\fair-crm\frontend\reports\full-ui-evidence\screenshots\customers_id__w3840.png
customers_id__w390.png	390	C:\Users\hinthorozuTUF\Kyrox\fair-crm\frontend\reports\full-ui-evidence\screenshots\customers_id__w390.png
customers_id__w767.png	767	C:\Users\hinthorozuTUF\Kyrox\fair-crm\frontend\reports\full-ui-evidence\screenshots\customers_id__w767.png
customers_id__w768.png	768	C:\Users\hinthorozuTUF\Kyrox\fair-crm\frontend\reports\full-ui-evidence\screenshots\customers_id__w768.png
customers_id__w769.png	769	C:\Users\hinthorozuTUF\Kyrox\fair-crm\frontend\reports\full-ui-evidence\screenshots\customers_id__w769.png
dashboard__w1023.png	1023	C:\Users\hinthorozuTUF\Kyrox\fair-crm\frontend\reports\full-ui-evidence\screenshots\dashboard__w1023.png
dashboard__w1024.png	1024	C:\Users\hinthorozuTUF\Kyrox\fair-crm\frontend\reports\full-ui-evidence\screenshots\dashboard__w1024.png
dashboard__w1025.png	1025	C:\Users\hinthorozuTUF\Kyrox\fair-crm\frontend\reports\full-ui-evidence\screenshots\dashboard__w1025.png
dashboard__w1439.png	1439	C:\Users\hinthorozuTUF\Kyrox\fair-crm\frontend\reports\full-ui-evidence\screenshots\dashboard__w1439.png
dashboard__w1440.png	1440	C:\Users\hinthorozuTUF\Kyrox\fair-crm\frontend\reports\full-ui-evidence\screenshots\dashboard__w1440.png
dashboard__w1441.png	1441	C:\Users\hinthorozuTUF\Kyrox\fair-crm\frontend\reports\full-ui-evidence\screenshots\dashboard__w1441.png
dashboard__w1920.png	1920	C:\Users\hinthorozuTUF\Kyrox\fair-crm\frontend\reports\full-ui-evidence\screenshots\dashboard__w1920.png
dashboard__w2560.png	2560	C:\Users\hinthorozuTUF\Kyrox\fair-crm\frontend\reports\full-ui-evidence\screenshots\dashboard__w2560.png
dashboard__w320.png	320	C:\Users\hinthorozuTUF\Kyrox\fair-crm\frontend\reports\full-ui-evidence\screenshots\dashboard__w320.png
dashboard__w3440.png	3440	C:\Users\hinthorozuTUF\Kyrox\fair-crm\frontend\reports\full-ui-evidence\screenshots\dashboard__w3440.png
dashboard__w3840.png	3840	C:\Users\hinthorozuTUF\Kyrox\fair-crm\frontend\reports\full-ui-evidence\screenshots\dashboard__w3840.png
dashboard__w390.png	390	C:\Users\hinthorozuTUF\Kyrox\fair-crm\frontend\reports\full-ui-evidence\screenshots\dashboard__w390.png
dashboard__w767.png	767	C:\Users\hinthorozuTUF\Kyrox\fair-crm\frontend\reports\full-ui-evidence\screenshots\dashboard__w767.png
dashboard__w768.png	768	C:\Users\hinthorozuTUF\Kyrox\fair-crm\frontend\reports\full-ui-evidence\screenshots\dashboard__w768.png
dashboard__w769.png	769	C:\Users\hinthorozuTUF\Kyrox\fair-crm\frontend\reports\full-ui-evidence\screenshots\dashboard__w769.png
data-integration_adapters__w1023.png	1023	C:\Users\hinthorozuTUF\Kyrox\fair-crm\frontend\reports\full-ui-evidence\screenshots\data-integration_adapters__w1023.png
data-integration_adapters__w1024.png	1024	C:\Users\hinthorozuTUF\Kyrox\fair-crm\frontend\reports\full-ui-evidence\screenshots\data-integration_adapters__w1024.png
data-integration_adapters__w1025.png	1025	C:\Users\hinthorozuTUF\Kyrox\fair-crm\frontend\reports\full-ui-evidence\screenshots\data-integration_adapters__w1025.png
data-integration_adapters__w1439.png	1439	C:\Users\hinthorozuTUF\Kyrox\fair-crm\frontend\reports\full-ui-evidence\screenshots\data-integration_adapters__w1439.png
data-integration_adapters__w1440.png	1440	C:\Users\hinthorozuTUF\Kyrox\fair-crm\frontend\reports\full-ui-evidence\screenshots\data-integration_adapters__w1440.png
data-integration_adapters__w1441.png	1441	C:\Users\hinthorozuTUF\Kyrox\fair-crm\frontend\reports\full-ui-evidence\screenshots\data-integration_adapters__w1441.png
data-integration_adapters__w1920.png	1920	C:\Users\hinthorozuTUF\Kyrox\fair-crm\frontend\reports\full-ui-evidence\screenshots\data-integration_adapters__w1920.png
data-integration_adapters__w2560.png	2560	C:\Users\hinthorozuTUF\Kyrox\fair-crm\frontend\reports\full-ui-evidence\screenshots\data-integration_adapters__w2560.png
data-integration_adapters__w320.png	320	C:\Users\hinthorozuTUF\Kyrox\fair-crm\frontend\reports\full-ui-evidence\screenshots\data-integration_adapters__w320.png
data-integration_adapters__w3440.png	3440	C:\Users\hinthorozuTUF\Kyrox\fair-crm\frontend\reports\full-ui-evidence\screenshots\data-integration_adapters__w3440.png
data-integration_adapters__w3840.png	3840	C:\Users\hinthorozuTUF\Kyrox\fair-crm\frontend\reports\full-ui-evidence\screenshots\data-integration_adapters__w3840.png
data-integration_adapters__w390.png	390	C:\Users\hinthorozuTUF\Kyrox\fair-crm\frontend\reports\full-ui-evidence\screenshots\data-integration_adapters__w390.png
data-integration_adapters__w767.png	767	C:\Users\hinthorozuTUF\Kyrox\fair-crm\frontend\reports\full-ui-evidence\screenshots\data-integration_adapters__w767.png
data-integration_adapters__w768.png	768	C:\Users\hinthorozuTUF\Kyrox\fair-crm\frontend\reports\full-ui-evidence\screenshots\data-integration_adapters__w768.png
data-integration_adapters__w769.png	769	C:\Users\hinthorozuTUF\Kyrox\fair-crm\frontend\reports\full-ui-evidence\screenshots\data-integration_adapters__w769.png
data-integration_adapters_adapterKey__w1023.png	1023	C:\Users\hinthorozuTUF\Kyrox\fair-crm\frontend\reports\full-ui-evidence\screenshots\data-integration_adapters_adapterKey__w1023.png
data-integration_adapters_adapterKey__w1024.png	1024	C:\Users\hinthorozuTUF\Kyrox\fair-crm\frontend\reports\full-ui-evidence\screenshots\data-integration_adapters_adapterKey__w1024.png
data-integration_adapters_adapterKey__w1025.png	1025	C:\Users\hinthorozuTUF\Kyrox\fair-crm\frontend\reports\full-ui-evidence\screenshots\data-integration_adapters_adapterKey__w1025.png
data-integration_adapters_adapterKey__w1439.png	1439	C:\Users\hinthorozuTUF\Kyrox\fair-crm\frontend\reports\full-ui-evidence\screenshots\data-integration_adapters_adapterKey__w1439.png
data-integration_adapters_adapterKey__w1440.png	1440	C:\Users\hinthorozuTUF\Kyrox\fair-crm\frontend\reports\full-ui-evidence\screenshots\data-integration_adapters_adapterKey__w1440.png
data-integration_adapters_adapterKey__w1441.png	1441	C:\Users\hinthorozuTUF\Kyrox\fair-crm\frontend\reports\full-ui-evidence\screenshots\data-integration_adapters_adapterKey__w1441.png
data-integration_adapters_adapterKey__w1920.png	1920	C:\Users\hinthorozuTUF\Kyrox\fair-crm\frontend\reports\full-ui-evidence\screenshots\data-integration_adapters_adapterKey__w1920.png
data-integration_adapters_adapterKey__w2560.png	2560	C:\Users\hinthorozuTUF\Kyrox\fair-crm\frontend\reports\full-ui-evidence\screenshots\data-integration_adapters_adapterKey__w2560.png
data-integration_adapters_adapterKey__w320.png	320	C:\Users\hinthorozuTUF\Kyrox\fair-crm\frontend\reports\full-ui-evidence\screenshots\data-integration_adapters_adapterKey__w320.png
data-integration_adapters_adapterKey__w3440.png	3440	C:\Users\hinthorozuTUF\Kyrox\fair-crm\frontend\reports\full-ui-evidence\screenshots\data-integration_adapters_adapterKey__w3440.png
data-integration_adapters_adapterKey__w3840.png	3840	C:\Users\hinthorozuTUF\Kyrox\fair-crm\frontend\reports\full-ui-evidence\screenshots\data-integration_adapters_adapterKey__w3840.png
data-integration_adapters_adapterKey__w390.png	390	C:\Users\hinthorozuTUF\Kyrox\fair-crm\frontend\reports\full-ui-evidence\screenshots\data-integration_adapters_adapterKey__w390.png
data-integration_adapters_adapterKey__w767.png	767	C:\Users\hinthorozuTUF\Kyrox\fair-crm\frontend\reports\full-ui-evidence\screenshots\data-integration_adapters_adapterKey__w767.png
data-integration_adapters_adapterKey__w768.png	768	C:\Users\hinthorozuTUF\Kyrox\fair-crm\frontend\reports\full-ui-evidence\screenshots\data-integration_adapters_adapterKey__w768.png
data-integration_adapters_adapterKey__w769.png	769	C:\Users\hinthorozuTUF\Kyrox\fair-crm\frontend\reports\full-ui-evidence\screenshots\data-integration_adapters_adapterKey__w769.png
data-integration_enrichment__w1023.png	1023	C:\Users\hinthorozuTUF\Kyrox\fair-crm\frontend\reports\full-ui-evidence\screenshots\data-integration_enrichment__w1023.png
data-integration_enrichment__w1024.png	1024	C:\Users\hinthorozuTUF\Kyrox\fair-crm\frontend\reports\full-ui-evidence\screenshots\data-integration_enrichment__w1024.png
data-integration_enrichment__w1025.png	1025	C:\Users\hinthorozuTUF\Kyrox\fair-crm\frontend\reports\full-ui-evidence\screenshots\data-integration_enrichment__w1025.png
data-integration_enrichment__w1439.png	1439	C:\Users\hinthorozuTUF\Kyrox\fair-crm\frontend\reports\full-ui-evidence\screenshots\data-integration_enrichment__w1439.png
data-integration_enrichment__w1440.png	1440	C:\Users\hinthorozuTUF\Kyrox\fair-crm\frontend\reports\full-ui-evidence\screenshots\data-integration_enrichment__w1440.png
data-integration_enrichment__w1441.png	1441	C:\Users\hinthorozuTUF\Kyrox\fair-crm\frontend\reports\full-ui-evidence\screenshots\data-integration_enrichment__w1441.png
data-integration_enrichment__w1920.png	1920	C:\Users\hinthorozuTUF\Kyrox\fair-crm\frontend\reports\full-ui-evidence\screenshots\data-integration_enrichment__w1920.png
data-integration_enrichment__w2560.png	2560	C:\Users\hinthorozuTUF\Kyrox\fair-crm\frontend\reports\full-ui-evidence\screenshots\data-integration_enrichment__w2560.png
data-integration_enrichment__w320.png	320	C:\Users\hinthorozuTUF\Kyrox\fair-crm\frontend\reports\full-ui-evidence\screenshots\data-integration_enrichment__w320.png
data-integration_enrichment__w3440.png	3440	C:\Users\hinthorozuTUF\Kyrox\fair-crm\frontend\reports\full-ui-evidence\screenshots\data-integration_enrichment__w3440.png
data-integration_enrichment__w3840.png	3840	C:\Users\hinthorozuTUF\Kyrox\fair-crm\frontend\reports\full-ui-evidence\screenshots\data-integration_enrichment__w3840.png
data-integration_enrichment__w390.png	390	C:\Users\hinthorozuTUF\Kyrox\fair-crm\frontend\reports\full-ui-evidence\screenshots\data-integration_enrichment__w390.png
data-integration_enrichment__w767.png	767	C:\Users\hinthorozuTUF\Kyrox\fair-crm\frontend\reports\full-ui-evidence\screenshots\data-integration_enrichment__w767.png
data-integration_enrichment__w768.png	768	C:\Users\hinthorozuTUF\Kyrox\fair-crm\frontend\reports\full-ui-evidence\screenshots\data-integration_enrichment__w768.png
data-integration_enrichment__w769.png	769	C:\Users\hinthorozuTUF\Kyrox\fair-crm\frontend\reports\full-ui-evidence\screenshots\data-integration_enrichment__w769.png
data-integration_imports__w1023.png	1023	C:\Users\hinthorozuTUF\Kyrox\fair-crm\frontend\reports\full-ui-evidence\screenshots\data-integration_imports__w1023.png
data-integration_imports__w1024.png	1024	C:\Users\hinthorozuTUF\Kyrox\fair-crm\frontend\reports\full-ui-evidence\screenshots\data-integration_imports__w1024.png
data-integration_imports__w1025.png	1025	C:\Users\hinthorozuTUF\Kyrox\fair-crm\frontend\reports\full-ui-evidence\screenshots\data-integration_imports__w1025.png
data-integration_imports__w1439.png	1439	C:\Users\hinthorozuTUF\Kyrox\fair-crm\frontend\reports\full-ui-evidence\screenshots\data-integration_imports__w1439.png
data-integration_imports__w1440.png	1440	C:\Users\hinthorozuTUF\Kyrox\fair-crm\frontend\reports\full-ui-evidence\screenshots\data-integration_imports__w1440.png
data-integration_imports__w1441.png	1441	C:\Users\hinthorozuTUF\Kyrox\fair-crm\frontend\reports\full-ui-evidence\screenshots\data-integration_imports__w1441.png
data-integration_imports__w1920.png	1920	C:\Users\hinthorozuTUF\Kyrox\fair-crm\frontend\reports\full-ui-evidence\screenshots\data-integration_imports__w1920.png
data-integration_imports__w2560.png	2560	C:\Users\hinthorozuTUF\Kyrox\fair-crm\frontend\reports\full-ui-evidence\screenshots\data-integration_imports__w2560.png
data-integration_imports__w320.png	320	C:\Users\hinthorozuTUF\Kyrox\fair-crm\frontend\reports\full-ui-evidence\screenshots\data-integration_imports__w320.png
data-integration_imports__w3440.png	3440	C:\Users\hinthorozuTUF\Kyrox\fair-crm\frontend\reports\full-ui-evidence\screenshots\data-integration_imports__w3440.png
data-integration_imports__w3840.png	3840	C:\Users\hinthorozuTUF\Kyrox\fair-crm\frontend\reports\full-ui-evidence\screenshots\data-integration_imports__w3840.png
data-integration_imports__w390.png	390	C:\Users\hinthorozuTUF\Kyrox\fair-crm\frontend\reports\full-ui-evidence\screenshots\data-integration_imports__w390.png
data-integration_imports__w767.png	767	C:\Users\hinthorozuTUF\Kyrox\fair-crm\frontend\reports\full-ui-evidence\screenshots\data-integration_imports__w767.png
data-integration_imports__w768.png	768	C:\Users\hinthorozuTUF\Kyrox\fair-crm\frontend\reports\full-ui-evidence\screenshots\data-integration_imports__w768.png
data-integration_imports__w769.png	769	C:\Users\hinthorozuTUF\Kyrox\fair-crm\frontend\reports\full-ui-evidence\screenshots\data-integration_imports__w769.png
data-integration_imports_continue_batchId__w1023.png	1023	C:\Users\hinthorozuTUF\Kyrox\fair-crm\frontend\reports\full-ui-evidence\screenshots\data-integration_imports_continue_batchId__w1023.png
data-integration_imports_continue_batchId__w1024.png	1024	C:\Users\hinthorozuTUF\Kyrox\fair-crm\frontend\reports\full-ui-evidence\screenshots\data-integration_imports_continue_batchId__w1024.png
data-integration_imports_continue_batchId__w1025.png	1025	C:\Users\hinthorozuTUF\Kyrox\fair-crm\frontend\reports\full-ui-evidence\screenshots\data-integration_imports_continue_batchId__w1025.png
data-integration_imports_continue_batchId__w1439.png	1439	C:\Users\hinthorozuTUF\Kyrox\fair-crm\frontend\reports\full-ui-evidence\screenshots\data-integration_imports_continue_batchId__w1439.png
data-integration_imports_continue_batchId__w1440.png	1440	C:\Users\hinthorozuTUF\Kyrox\fair-crm\frontend\reports\full-ui-evidence\screenshots\data-integration_imports_continue_batchId__w1440.png
data-integration_imports_continue_batchId__w1441.png	1441	C:\Users\hinthorozuTUF\Kyrox\fair-crm\frontend\reports\full-ui-evidence\screenshots\data-integration_imports_continue_batchId__w1441.png
data-integration_imports_continue_batchId__w1920.png	1920	C:\Users\hinthorozuTUF\Kyrox\fair-crm\frontend\reports\full-ui-evidence\screenshots\data-integration_imports_continue_batchId__w1920.png
data-integration_imports_continue_batchId__w2560.png	2560	C:\Users\hinthorozuTUF\Kyrox\fair-crm\frontend\reports\full-ui-evidence\screenshots\data-integration_imports_continue_batchId__w2560.png
data-integration_imports_continue_batchId__w320.png	320	C:\Users\hinthorozuTUF\Kyrox\fair-crm\frontend\reports\full-ui-evidence\screenshots\data-integration_imports_continue_batchId__w320.png
data-integration_imports_continue_batchId__w3440.png	3440	C:\Users\hinthorozuTUF\Kyrox\fair-crm\frontend\reports\full-ui-evidence\screenshots\data-integration_imports_continue_batchId__w3440.png
data-integration_imports_continue_batchId__w3840.png	3840	C:\Users\hinthorozuTUF\Kyrox\fair-crm\frontend\reports\full-ui-evidence\screenshots\data-integration_imports_continue_batchId__w3840.png
data-integration_imports_continue_batchId__w390.png	390	C:\Users\hinthorozuTUF\Kyrox\fair-crm\frontend\reports\full-ui-evidence\screenshots\data-integration_imports_continue_batchId__w390.png
data-integration_imports_continue_batchId__w767.png	767	C:\Users\hinthorozuTUF\Kyrox\fair-crm\frontend\reports\full-ui-evidence\screenshots\data-integration_imports_continue_batchId__w767.png
data-integration_imports_continue_batchId__w768.png	768	C:\Users\hinthorozuTUF\Kyrox\fair-crm\frontend\reports\full-ui-evidence\screenshots\data-integration_imports_continue_batchId__w768.png
data-integration_imports_continue_batchId__w769.png	769	C:\Users\hinthorozuTUF\Kyrox\fair-crm\frontend\reports\full-ui-evidence\screenshots\data-integration_imports_continue_batchId__w769.png
data-integration_imports_fair_fairId__w1023.png	1023	C:\Users\hinthorozuTUF\Kyrox\fair-crm\frontend\reports\full-ui-evidence\screenshots\data-integration_imports_fair_fairId__w1023.png
data-integration_imports_fair_fairId__w1024.png	1024	C:\Users\hinthorozuTUF\Kyrox\fair-crm\frontend\reports\full-ui-evidence\screenshots\data-integration_imports_fair_fairId__w1024.png
data-integration_imports_fair_fairId__w1025.png	1025	C:\Users\hinthorozuTUF\Kyrox\fair-crm\frontend\reports\full-ui-evidence\screenshots\data-integration_imports_fair_fairId__w1025.png
data-integration_imports_fair_fairId__w1439.png	1439	C:\Users\hinthorozuTUF\Kyrox\fair-crm\frontend\reports\full-ui-evidence\screenshots\data-integration_imports_fair_fairId__w1439.png
data-integration_imports_fair_fairId__w1440.png	1440	C:\Users\hinthorozuTUF\Kyrox\fair-crm\frontend\reports\full-ui-evidence\screenshots\data-integration_imports_fair_fairId__w1440.png
data-integration_imports_fair_fairId__w1441.png	1441	C:\Users\hinthorozuTUF\Kyrox\fair-crm\frontend\reports\full-ui-evidence\screenshots\data-integration_imports_fair_fairId__w1441.png
data-integration_imports_fair_fairId__w1920.png	1920	C:\Users\hinthorozuTUF\Kyrox\fair-crm\frontend\reports\full-ui-evidence\screenshots\data-integration_imports_fair_fairId__w1920.png
data-integration_imports_fair_fairId__w2560.png	2560	C:\Users\hinthorozuTUF\Kyrox\fair-crm\frontend\reports\full-ui-evidence\screenshots\data-integration_imports_fair_fairId__w2560.png
data-integration_imports_fair_fairId__w320.png	320	C:\Users\hinthorozuTUF\Kyrox\fair-crm\frontend\reports\full-ui-evidence\screenshots\data-integration_imports_fair_fairId__w320.png
data-integration_imports_fair_fairId__w3440.png	3440	C:\Users\hinthorozuTUF\Kyrox\fair-crm\frontend\reports\full-ui-evidence\screenshots\data-integration_imports_fair_fairId__w3440.png
data-integration_imports_fair_fairId__w3840.png	3840	C:\Users\hinthorozuTUF\Kyrox\fair-crm\frontend\reports\full-ui-evidence\screenshots\data-integration_imports_fair_fairId__w3840.png
data-integration_imports_fair_fairId__w390.png	390	C:\Users\hinthorozuTUF\Kyrox\fair-crm\frontend\reports\full-ui-evidence\screenshots\data-integration_imports_fair_fairId__w390.png
data-integration_imports_fair_fairId__w767.png	767	C:\Users\hinthorozuTUF\Kyrox\fair-crm\frontend\reports\full-ui-evidence\screenshots\data-integration_imports_fair_fairId__w767.png
data-integration_imports_fair_fairId__w768.png	768	C:\Users\hinthorozuTUF\Kyrox\fair-crm\frontend\reports\full-ui-evidence\screenshots\data-integration_imports_fair_fairId__w768.png
data-integration_imports_fair_fairId__w769.png	769	C:\Users\hinthorozuTUF\Kyrox\fair-crm\frontend\reports\full-ui-evidence\screenshots\data-integration_imports_fair_fairId__w769.png
data-integration_imports_new__w1023.png	1023	C:\Users\hinthorozuTUF\Kyrox\fair-crm\frontend\reports\full-ui-evidence\screenshots\data-integration_imports_new__w1023.png
data-integration_imports_new__w1024.png	1024	C:\Users\hinthorozuTUF\Kyrox\fair-crm\frontend\reports\full-ui-evidence\screenshots\data-integration_imports_new__w1024.png
data-integration_imports_new__w1025.png	1025	C:\Users\hinthorozuTUF\Kyrox\fair-crm\frontend\reports\full-ui-evidence\screenshots\data-integration_imports_new__w1025.png
data-integration_imports_new__w1439.png	1439	C:\Users\hinthorozuTUF\Kyrox\fair-crm\frontend\reports\full-ui-evidence\screenshots\data-integration_imports_new__w1439.png
data-integration_imports_new__w1440.png	1440	C:\Users\hinthorozuTUF\Kyrox\fair-crm\frontend\reports\full-ui-evidence\screenshots\data-integration_imports_new__w1440.png
data-integration_imports_new__w1441.png	1441	C:\Users\hinthorozuTUF\Kyrox\fair-crm\frontend\reports\full-ui-evidence\screenshots\data-integration_imports_new__w1441.png
data-integration_imports_new__w1920.png	1920	C:\Users\hinthorozuTUF\Kyrox\fair-crm\frontend\reports\full-ui-evidence\screenshots\data-integration_imports_new__w1920.png
data-integration_imports_new__w2560.png	2560	C:\Users\hinthorozuTUF\Kyrox\fair-crm\frontend\reports\full-ui-evidence\screenshots\data-integration_imports_new__w2560.png
data-integration_imports_new__w320.png	320	C:\Users\hinthorozuTUF\Kyrox\fair-crm\frontend\reports\full-ui-evidence\screenshots\data-integration_imports_new__w320.png
data-integration_imports_new__w3440.png	3440	C:\Users\hinthorozuTUF\Kyrox\fair-crm\frontend\reports\full-ui-evidence\screenshots\data-integration_imports_new__w3440.png
data-integration_imports_new__w3840.png	3840	C:\Users\hinthorozuTUF\Kyrox\fair-crm\frontend\reports\full-ui-evidence\screenshots\data-integration_imports_new__w3840.png
data-integration_imports_new__w390.png	390	C:\Users\hinthorozuTUF\Kyrox\fair-crm\frontend\reports\full-ui-evidence\screenshots\data-integration_imports_new__w390.png
data-integration_imports_new__w767.png	767	C:\Users\hinthorozuTUF\Kyrox\fair-crm\frontend\reports\full-ui-evidence\screenshots\data-integration_imports_new__w767.png
data-integration_imports_new__w768.png	768	C:\Users\hinthorozuTUF\Kyrox\fair-crm\frontend\reports\full-ui-evidence\screenshots\data-integration_imports_new__w768.png
data-integration_imports_new__w769.png	769	C:\Users\hinthorozuTUF\Kyrox\fair-crm\frontend\reports\full-ui-evidence\screenshots\data-integration_imports_new__w769.png
data-integration_jobs__w1023.png	1023	C:\Users\hinthorozuTUF\Kyrox\fair-crm\frontend\reports\full-ui-evidence\screenshots\data-integration_jobs__w1023.png
data-integration_jobs__w1024.png	1024	C:\Users\hinthorozuTUF\Kyrox\fair-crm\frontend\reports\full-ui-evidence\screenshots\data-integration_jobs__w1024.png
data-integration_jobs__w1025.png	1025	C:\Users\hinthorozuTUF\Kyrox\fair-crm\frontend\reports\full-ui-evidence\screenshots\data-integration_jobs__w1025.png
data-integration_jobs__w1439.png	1439	C:\Users\hinthorozuTUF\Kyrox\fair-crm\frontend\reports\full-ui-evidence\screenshots\data-integration_jobs__w1439.png
data-integration_jobs__w1440.png	1440	C:\Users\hinthorozuTUF\Kyrox\fair-crm\frontend\reports\full-ui-evidence\screenshots\data-integration_jobs__w1440.png
data-integration_jobs__w1441.png	1441	C:\Users\hinthorozuTUF\Kyrox\fair-crm\frontend\reports\full-ui-evidence\screenshots\data-integration_jobs__w1441.png
data-integration_jobs__w1920.png	1920	C:\Users\hinthorozuTUF\Kyrox\fair-crm\frontend\reports\full-ui-evidence\screenshots\data-integration_jobs__w1920.png
data-integration_jobs__w2560.png	2560	C:\Users\hinthorozuTUF\Kyrox\fair-crm\frontend\reports\full-ui-evidence\screenshots\data-integration_jobs__w2560.png
data-integration_jobs__w320.png	320	C:\Users\hinthorozuTUF\Kyrox\fair-crm\frontend\reports\full-ui-evidence\screenshots\data-integration_jobs__w320.png
data-integration_jobs__w3440.png	3440	C:\Users\hinthorozuTUF\Kyrox\fair-crm\frontend\reports\full-ui-evidence\screenshots\data-integration_jobs__w3440.png
data-integration_jobs__w3840.png	3840	C:\Users\hinthorozuTUF\Kyrox\fair-crm\frontend\reports\full-ui-evidence\screenshots\data-integration_jobs__w3840.png
data-integration_jobs__w390.png	390	C:\Users\hinthorozuTUF\Kyrox\fair-crm\frontend\reports\full-ui-evidence\screenshots\data-integration_jobs__w390.png
data-integration_jobs__w767.png	767	C:\Users\hinthorozuTUF\Kyrox\fair-crm\frontend\reports\full-ui-evidence\screenshots\data-integration_jobs__w767.png
data-integration_jobs__w768.png	768	C:\Users\hinthorozuTUF\Kyrox\fair-crm\frontend\reports\full-ui-evidence\screenshots\data-integration_jobs__w768.png
data-integration_jobs__w769.png	769	C:\Users\hinthorozuTUF\Kyrox\fair-crm\frontend\reports\full-ui-evidence\screenshots\data-integration_jobs__w769.png
data-integration_reports__w1023.png	1023	C:\Users\hinthorozuTUF\Kyrox\fair-crm\frontend\reports\full-ui-evidence\screenshots\data-integration_reports__w1023.png
data-integration_reports__w1024.png	1024	C:\Users\hinthorozuTUF\Kyrox\fair-crm\frontend\reports\full-ui-evidence\screenshots\data-integration_reports__w1024.png
data-integration_reports__w1025.png	1025	C:\Users\hinthorozuTUF\Kyrox\fair-crm\frontend\reports\full-ui-evidence\screenshots\data-integration_reports__w1025.png
data-integration_reports__w1439.png	1439	C:\Users\hinthorozuTUF\Kyrox\fair-crm\frontend\reports\full-ui-evidence\screenshots\data-integration_reports__w1439.png
data-integration_reports__w1440.png	1440	C:\Users\hinthorozuTUF\Kyrox\fair-crm\frontend\reports\full-ui-evidence\screenshots\data-integration_reports__w1440.png
data-integration_reports__w1441.png	1441	C:\Users\hinthorozuTUF\Kyrox\fair-crm\frontend\reports\full-ui-evidence\screenshots\data-integration_reports__w1441.png
data-integration_reports__w1920.png	1920	C:\Users\hinthorozuTUF\Kyrox\fair-crm\frontend\reports\full-ui-evidence\screenshots\data-integration_reports__w1920.png
data-integration_reports__w2560.png	2560	C:\Users\hinthorozuTUF\Kyrox\fair-crm\frontend\reports\full-ui-evidence\screenshots\data-integration_reports__w2560.png
data-integration_reports__w320.png	320	C:\Users\hinthorozuTUF\Kyrox\fair-crm\frontend\reports\full-ui-evidence\screenshots\data-integration_reports__w320.png
data-integration_reports__w3440.png	3440	C:\Users\hinthorozuTUF\Kyrox\fair-crm\frontend\reports\full-ui-evidence\screenshots\data-integration_reports__w3440.png
data-integration_reports__w3840.png	3840	C:\Users\hinthorozuTUF\Kyrox\fair-crm\frontend\reports\full-ui-evidence\screenshots\data-integration_reports__w3840.png
data-integration_reports__w390.png	390	C:\Users\hinthorozuTUF\Kyrox\fair-crm\frontend\reports\full-ui-evidence\screenshots\data-integration_reports__w390.png
data-integration_reports__w767.png	767	C:\Users\hinthorozuTUF\Kyrox\fair-crm\frontend\reports\full-ui-evidence\screenshots\data-integration_reports__w767.png
data-integration_reports__w768.png	768	C:\Users\hinthorozuTUF\Kyrox\fair-crm\frontend\reports\full-ui-evidence\screenshots\data-integration_reports__w768.png
data-integration_reports__w769.png	769	C:\Users\hinthorozuTUF\Kyrox\fair-crm\frontend\reports\full-ui-evidence\screenshots\data-integration_reports__w769.png
data-integration_run-history__w1023.png	1023	C:\Users\hinthorozuTUF\Kyrox\fair-crm\frontend\reports\full-ui-evidence\screenshots\data-integration_run-history__w1023.png
data-integration_run-history__w1024.png	1024	C:\Users\hinthorozuTUF\Kyrox\fair-crm\frontend\reports\full-ui-evidence\screenshots\data-integration_run-history__w1024.png
data-integration_run-history__w1025.png	1025	C:\Users\hinthorozuTUF\Kyrox\fair-crm\frontend\reports\full-ui-evidence\screenshots\data-integration_run-history__w1025.png
data-integration_run-history__w1439.png	1439	C:\Users\hinthorozuTUF\Kyrox\fair-crm\frontend\reports\full-ui-evidence\screenshots\data-integration_run-history__w1439.png
data-integration_run-history__w1440.png	1440	C:\Users\hinthorozuTUF\Kyrox\fair-crm\frontend\reports\full-ui-evidence\screenshots\data-integration_run-history__w1440.png
data-integration_run-history__w1441.png	1441	C:\Users\hinthorozuTUF\Kyrox\fair-crm\frontend\reports\full-ui-evidence\screenshots\data-integration_run-history__w1441.png
data-integration_run-history__w1920.png	1920	C:\Users\hinthorozuTUF\Kyrox\fair-crm\frontend\reports\full-ui-evidence\screenshots\data-integration_run-history__w1920.png
data-integration_run-history__w2560.png	2560	C:\Users\hinthorozuTUF\Kyrox\fair-crm\frontend\reports\full-ui-evidence\screenshots\data-integration_run-history__w2560.png
data-integration_run-history__w320.png	320	C:\Users\hinthorozuTUF\Kyrox\fair-crm\frontend\reports\full-ui-evidence\screenshots\data-integration_run-history__w320.png
data-integration_run-history__w3440.png	3440	C:\Users\hinthorozuTUF\Kyrox\fair-crm\frontend\reports\full-ui-evidence\screenshots\data-integration_run-history__w3440.png
data-integration_run-history__w3840.png	3840	C:\Users\hinthorozuTUF\Kyrox\fair-crm\frontend\reports\full-ui-evidence\screenshots\data-integration_run-history__w3840.png
data-integration_run-history__w390.png	390	C:\Users\hinthorozuTUF\Kyrox\fair-crm\frontend\reports\full-ui-evidence\screenshots\data-integration_run-history__w390.png
data-integration_run-history__w767.png	767	C:\Users\hinthorozuTUF\Kyrox\fair-crm\frontend\reports\full-ui-evidence\screenshots\data-integration_run-history__w767.png
data-integration_run-history__w768.png	768	C:\Users\hinthorozuTUF\Kyrox\fair-crm\frontend\reports\full-ui-evidence\screenshots\data-integration_run-history__w768.png
data-integration_run-history__w769.png	769	C:\Users\hinthorozuTUF\Kyrox\fair-crm\frontend\reports\full-ui-evidence\screenshots\data-integration_run-history__w769.png
data-integration_runs__runId__w1023.png	1023	C:\Users\hinthorozuTUF\Kyrox\fair-crm\frontend\reports\full-ui-evidence\screenshots\data-integration_runs__runId__w1023.png
data-integration_runs__runId__w1024.png	1024	C:\Users\hinthorozuTUF\Kyrox\fair-crm\frontend\reports\full-ui-evidence\screenshots\data-integration_runs__runId__w1024.png
data-integration_runs__runId__w1025.png	1025	C:\Users\hinthorozuTUF\Kyrox\fair-crm\frontend\reports\full-ui-evidence\screenshots\data-integration_runs__runId__w1025.png
data-integration_runs__runId__w1439.png	1439	C:\Users\hinthorozuTUF\Kyrox\fair-crm\frontend\reports\full-ui-evidence\screenshots\data-integration_runs__runId__w1439.png
data-integration_runs__runId__w1440.png	1440	C:\Users\hinthorozuTUF\Kyrox\fair-crm\frontend\reports\full-ui-evidence\screenshots\data-integration_runs__runId__w1440.png
data-integration_runs__runId__w1441.png	1441	C:\Users\hinthorozuTUF\Kyrox\fair-crm\frontend\reports\full-ui-evidence\screenshots\data-integration_runs__runId__w1441.png
data-integration_runs__runId__w1920.png	1920	C:\Users\hinthorozuTUF\Kyrox\fair-crm\frontend\reports\full-ui-evidence\screenshots\data-integration_runs__runId__w1920.png
data-integration_runs__runId__w2560.png	2560	C:\Users\hinthorozuTUF\Kyrox\fair-crm\frontend\reports\full-ui-evidence\screenshots\data-integration_runs__runId__w2560.png
data-integration_runs__runId__w320.png	320	C:\Users\hinthorozuTUF\Kyrox\fair-crm\frontend\reports\full-ui-evidence\screenshots\data-integration_runs__runId__w320.png
data-integration_runs__runId__w3440.png	3440	C:\Users\hinthorozuTUF\Kyrox\fair-crm\frontend\reports\full-ui-evidence\screenshots\data-integration_runs__runId__w3440.png
data-integration_runs__runId__w3840.png	3840	C:\Users\hinthorozuTUF\Kyrox\fair-crm\frontend\reports\full-ui-evidence\screenshots\data-integration_runs__runId__w3840.png
data-integration_runs__runId__w390.png	390	C:\Users\hinthorozuTUF\Kyrox\fair-crm\frontend\reports\full-ui-evidence\screenshots\data-integration_runs__runId__w390.png
data-integration_runs__runId__w767.png	767	C:\Users\hinthorozuTUF\Kyrox\fair-crm\frontend\reports\full-ui-evidence\screenshots\data-integration_runs__runId__w767.png
data-integration_runs__runId__w768.png	768	C:\Users\hinthorozuTUF\Kyrox\fair-crm\frontend\reports\full-ui-evidence\screenshots\data-integration_runs__runId__w768.png
data-integration_runs__runId__w769.png	769	C:\Users\hinthorozuTUF\Kyrox\fair-crm\frontend\reports\full-ui-evidence\screenshots\data-integration_runs__runId__w769.png
data-integration_runs_runId__w1023.png	1023	C:\Users\hinthorozuTUF\Kyrox\fair-crm\frontend\reports\full-ui-evidence\screenshots\data-integration_runs_runId__w1023.png
data-integration_runs_runId__w1024.png	1024	C:\Users\hinthorozuTUF\Kyrox\fair-crm\frontend\reports\full-ui-evidence\screenshots\data-integration_runs_runId__w1024.png
data-integration_runs_runId__w1025.png	1025	C:\Users\hinthorozuTUF\Kyrox\fair-crm\frontend\reports\full-ui-evidence\screenshots\data-integration_runs_runId__w1025.png
data-integration_runs_runId__w1439.png	1439	C:\Users\hinthorozuTUF\Kyrox\fair-crm\frontend\reports\full-ui-evidence\screenshots\data-integration_runs_runId__w1439.png
data-integration_runs_runId__w1440.png	1440	C:\Users\hinthorozuTUF\Kyrox\fair-crm\frontend\reports\full-ui-evidence\screenshots\data-integration_runs_runId__w1440.png
data-integration_runs_runId__w1441.png	1441	C:\Users\hinthorozuTUF\Kyrox\fair-crm\frontend\reports\full-ui-evidence\screenshots\data-integration_runs_runId__w1441.png
data-integration_runs_runId__w1920.png	1920	C:\Users\hinthorozuTUF\Kyrox\fair-crm\frontend\reports\full-ui-evidence\screenshots\data-integration_runs_runId__w1920.png
data-integration_runs_runId__w2560.png	2560	C:\Users\hinthorozuTUF\Kyrox\fair-crm\frontend\reports\full-ui-evidence\screenshots\data-integration_runs_runId__w2560.png
data-integration_runs_runId__w320.png	320	C:\Users\hinthorozuTUF\Kyrox\fair-crm\frontend\reports\full-ui-evidence\screenshots\data-integration_runs_runId__w320.png
data-integration_runs_runId__w3440.png	3440	C:\Users\hinthorozuTUF\Kyrox\fair-crm\frontend\reports\full-ui-evidence\screenshots\data-integration_runs_runId__w3440.png
data-integration_runs_runId__w3840.png	3840	C:\Users\hinthorozuTUF\Kyrox\fair-crm\frontend\reports\full-ui-evidence\screenshots\data-integration_runs_runId__w3840.png
data-integration_runs_runId__w390.png	390	C:\Users\hinthorozuTUF\Kyrox\fair-crm\frontend\reports\full-ui-evidence\screenshots\data-integration_runs_runId__w390.png
data-integration_runs_runId__w767.png	767	C:\Users\hinthorozuTUF\Kyrox\fair-crm\frontend\reports\full-ui-evidence\screenshots\data-integration_runs_runId__w767.png
data-integration_runs_runId__w768.png	768	C:\Users\hinthorozuTUF\Kyrox\fair-crm\frontend\reports\full-ui-evidence\screenshots\data-integration_runs_runId__w768.png
data-integration_runs_runId__w769.png	769	C:\Users\hinthorozuTUF\Kyrox\fair-crm\frontend\reports\full-ui-evidence\screenshots\data-integration_runs_runId__w769.png
data-integration_scraper-test__w1023.png	1023	C:\Users\hinthorozuTUF\Kyrox\fair-crm\frontend\reports\full-ui-evidence\screenshots\data-integration_scraper-test__w1023.png
data-integration_scraper-test__w1024.png	1024	C:\Users\hinthorozuTUF\Kyrox\fair-crm\frontend\reports\full-ui-evidence\screenshots\data-integration_scraper-test__w1024.png
data-integration_scraper-test__w1025.png	1025	C:\Users\hinthorozuTUF\Kyrox\fair-crm\frontend\reports\full-ui-evidence\screenshots\data-integration_scraper-test__w1025.png
data-integration_scraper-test__w1439.png	1439	C:\Users\hinthorozuTUF\Kyrox\fair-crm\frontend\reports\full-ui-evidence\screenshots\data-integration_scraper-test__w1439.png
data-integration_scraper-test__w1440.png	1440	C:\Users\hinthorozuTUF\Kyrox\fair-crm\frontend\reports\full-ui-evidence\screenshots\data-integration_scraper-test__w1440.png
data-integration_scraper-test__w1441.png	1441	C:\Users\hinthorozuTUF\Kyrox\fair-crm\frontend\reports\full-ui-evidence\screenshots\data-integration_scraper-test__w1441.png
data-integration_scraper-test__w1920.png	1920	C:\Users\hinthorozuTUF\Kyrox\fair-crm\frontend\reports\full-ui-evidence\screenshots\data-integration_scraper-test__w1920.png
data-integration_scraper-test__w2560.png	2560	C:\Users\hinthorozuTUF\Kyrox\fair-crm\frontend\reports\full-ui-evidence\screenshots\data-integration_scraper-test__w2560.png
data-integration_scraper-test__w320.png	320	C:\Users\hinthorozuTUF\Kyrox\fair-crm\frontend\reports\full-ui-evidence\screenshots\data-integration_scraper-test__w320.png
data-integration_scraper-test__w3440.png	3440	C:\Users\hinthorozuTUF\Kyrox\fair-crm\frontend\reports\full-ui-evidence\screenshots\data-integration_scraper-test__w3440.png
data-integration_scraper-test__w3840.png	3840	C:\Users\hinthorozuTUF\Kyrox\fair-crm\frontend\reports\full-ui-evidence\screenshots\data-integration_scraper-test__w3840.png
data-integration_scraper-test__w390.png	390	C:\Users\hinthorozuTUF\Kyrox\fair-crm\frontend\reports\full-ui-evidence\screenshots\data-integration_scraper-test__w390.png
data-integration_scraper-test__w767.png	767	C:\Users\hinthorozuTUF\Kyrox\fair-crm\frontend\reports\full-ui-evidence\screenshots\data-integration_scraper-test__w767.png
data-integration_scraper-test__w768.png	768	C:\Users\hinthorozuTUF\Kyrox\fair-crm\frontend\reports\full-ui-evidence\screenshots\data-integration_scraper-test__w768.png
data-integration_scraper-test__w769.png	769	C:\Users\hinthorozuTUF\Kyrox\fair-crm\frontend\reports\full-ui-evidence\screenshots\data-integration_scraper-test__w769.png
dev_customers-responsive-pilot__w1023.png	1023	C:\Users\hinthorozuTUF\Kyrox\fair-crm\frontend\reports\full-ui-evidence\screenshots\dev_customers-responsive-pilot__w1023.png
dev_customers-responsive-pilot__w1024.png	1024	C:\Users\hinthorozuTUF\Kyrox\fair-crm\frontend\reports\full-ui-evidence\screenshots\dev_customers-responsive-pilot__w1024.png
dev_customers-responsive-pilot__w1025.png	1025	C:\Users\hinthorozuTUF\Kyrox\fair-crm\frontend\reports\full-ui-evidence\screenshots\dev_customers-responsive-pilot__w1025.png
dev_customers-responsive-pilot__w1439.png	1439	C:\Users\hinthorozuTUF\Kyrox\fair-crm\frontend\reports\full-ui-evidence\screenshots\dev_customers-responsive-pilot__w1439.png
dev_customers-responsive-pilot__w1440.png	1440	C:\Users\hinthorozuTUF\Kyrox\fair-crm\frontend\reports\full-ui-evidence\screenshots\dev_customers-responsive-pilot__w1440.png
dev_customers-responsive-pilot__w1441.png	1441	C:\Users\hinthorozuTUF\Kyrox\fair-crm\frontend\reports\full-ui-evidence\screenshots\dev_customers-responsive-pilot__w1441.png
dev_customers-responsive-pilot__w1920.png	1920	C:\Users\hinthorozuTUF\Kyrox\fair-crm\frontend\reports\full-ui-evidence\screenshots\dev_customers-responsive-pilot__w1920.png
dev_customers-responsive-pilot__w2560.png	2560	C:\Users\hinthorozuTUF\Kyrox\fair-crm\frontend\reports\full-ui-evidence\screenshots\dev_customers-responsive-pilot__w2560.png
dev_customers-responsive-pilot__w320.png	320	C:\Users\hinthorozuTUF\Kyrox\fair-crm\frontend\reports\full-ui-evidence\screenshots\dev_customers-responsive-pilot__w320.png
dev_customers-responsive-pilot__w3440.png	3440	C:\Users\hinthorozuTUF\Kyrox\fair-crm\frontend\reports\full-ui-evidence\screenshots\dev_customers-responsive-pilot__w3440.png
dev_customers-responsive-pilot__w3840.png	3840	C:\Users\hinthorozuTUF\Kyrox\fair-crm\frontend\reports\full-ui-evidence\screenshots\dev_customers-responsive-pilot__w3840.png
dev_customers-responsive-pilot__w390.png	390	C:\Users\hinthorozuTUF\Kyrox\fair-crm\frontend\reports\full-ui-evidence\screenshots\dev_customers-responsive-pilot__w390.png
dev_customers-responsive-pilot__w767.png	767	C:\Users\hinthorozuTUF\Kyrox\fair-crm\frontend\reports\full-ui-evidence\screenshots\dev_customers-responsive-pilot__w767.png
dev_customers-responsive-pilot__w768.png	768	C:\Users\hinthorozuTUF\Kyrox\fair-crm\frontend\reports\full-ui-evidence\screenshots\dev_customers-responsive-pilot__w768.png
dev_customers-responsive-pilot__w769.png	769	C:\Users\hinthorozuTUF\Kyrox\fair-crm\frontend\reports\full-ui-evidence\screenshots\dev_customers-responsive-pilot__w769.png
dev_table-standard-smoke__w1023.png	1023	C:\Users\hinthorozuTUF\Kyrox\fair-crm\frontend\reports\full-ui-evidence\screenshots\dev_table-standard-smoke__w1023.png
dev_table-standard-smoke__w1024.png	1024	C:\Users\hinthorozuTUF\Kyrox\fair-crm\frontend\reports\full-ui-evidence\screenshots\dev_table-standard-smoke__w1024.png
dev_table-standard-smoke__w1025.png	1025	C:\Users\hinthorozuTUF\Kyrox\fair-crm\frontend\reports\full-ui-evidence\screenshots\dev_table-standard-smoke__w1025.png
dev_table-standard-smoke__w1439.png	1439	C:\Users\hinthorozuTUF\Kyrox\fair-crm\frontend\reports\full-ui-evidence\screenshots\dev_table-standard-smoke__w1439.png
dev_table-standard-smoke__w1440.png	1440	C:\Users\hinthorozuTUF\Kyrox\fair-crm\frontend\reports\full-ui-evidence\screenshots\dev_table-standard-smoke__w1440.png
dev_table-standard-smoke__w1441.png	1441	C:\Users\hinthorozuTUF\Kyrox\fair-crm\frontend\reports\full-ui-evidence\screenshots\dev_table-standard-smoke__w1441.png
dev_table-standard-smoke__w1920.png	1920	C:\Users\hinthorozuTUF\Kyrox\fair-crm\frontend\reports\full-ui-evidence\screenshots\dev_table-standard-smoke__w1920.png
dev_table-standard-smoke__w2560.png	2560	C:\Users\hinthorozuTUF\Kyrox\fair-crm\frontend\reports\full-ui-evidence\screenshots\dev_table-standard-smoke__w2560.png
dev_table-standard-smoke__w320.png	320	C:\Users\hinthorozuTUF\Kyrox\fair-crm\frontend\reports\full-ui-evidence\screenshots\dev_table-standard-smoke__w320.png
dev_table-standard-smoke__w3440.png	3440	C:\Users\hinthorozuTUF\Kyrox\fair-crm\frontend\reports\full-ui-evidence\screenshots\dev_table-standard-smoke__w3440.png
dev_table-standard-smoke__w3840.png	3840	C:\Users\hinthorozuTUF\Kyrox\fair-crm\frontend\reports\full-ui-evidence\screenshots\dev_table-standard-smoke__w3840.png
dev_table-standard-smoke__w390.png	390	C:\Users\hinthorozuTUF\Kyrox\fair-crm\frontend\reports\full-ui-evidence\screenshots\dev_table-standard-smoke__w390.png
dev_table-standard-smoke__w767.png	767	C:\Users\hinthorozuTUF\Kyrox\fair-crm\frontend\reports\full-ui-evidence\screenshots\dev_table-standard-smoke__w767.png
dev_table-standard-smoke__w768.png	768	C:\Users\hinthorozuTUF\Kyrox\fair-crm\frontend\reports\full-ui-evidence\screenshots\dev_table-standard-smoke__w768.png
dev_table-standard-smoke__w769.png	769	C:\Users\hinthorozuTUF\Kyrox\fair-crm\frontend\reports\full-ui-evidence\screenshots\dev_table-standard-smoke__w769.png
fairs__w1023.png	1023	C:\Users\hinthorozuTUF\Kyrox\fair-crm\frontend\reports\full-ui-evidence\screenshots\fairs__w1023.png
fairs__w1024.png	1024	C:\Users\hinthorozuTUF\Kyrox\fair-crm\frontend\reports\full-ui-evidence\screenshots\fairs__w1024.png
fairs__w1025.png	1025	C:\Users\hinthorozuTUF\Kyrox\fair-crm\frontend\reports\full-ui-evidence\screenshots\fairs__w1025.png
fairs__w1439.png	1439	C:\Users\hinthorozuTUF\Kyrox\fair-crm\frontend\reports\full-ui-evidence\screenshots\fairs__w1439.png
fairs__w1440.png	1440	C:\Users\hinthorozuTUF\Kyrox\fair-crm\frontend\reports\full-ui-evidence\screenshots\fairs__w1440.png
fairs__w1441.png	1441	C:\Users\hinthorozuTUF\Kyrox\fair-crm\frontend\reports\full-ui-evidence\screenshots\fairs__w1441.png
fairs__w1920.png	1920	C:\Users\hinthorozuTUF\Kyrox\fair-crm\frontend\reports\full-ui-evidence\screenshots\fairs__w1920.png
fairs__w2560.png	2560	C:\Users\hinthorozuTUF\Kyrox\fair-crm\frontend\reports\full-ui-evidence\screenshots\fairs__w2560.png
fairs__w320.png	320	C:\Users\hinthorozuTUF\Kyrox\fair-crm\frontend\reports\full-ui-evidence\screenshots\fairs__w320.png
fairs__w3440.png	3440	C:\Users\hinthorozuTUF\Kyrox\fair-crm\frontend\reports\full-ui-evidence\screenshots\fairs__w3440.png
fairs__w3840.png	3840	C:\Users\hinthorozuTUF\Kyrox\fair-crm\frontend\reports\full-ui-evidence\screenshots\fairs__w3840.png
fairs__w390.png	390	C:\Users\hinthorozuTUF\Kyrox\fair-crm\frontend\reports\full-ui-evidence\screenshots\fairs__w390.png
fairs__w767.png	767	C:\Users\hinthorozuTUF\Kyrox\fair-crm\frontend\reports\full-ui-evidence\screenshots\fairs__w767.png
fairs__w768.png	768	C:\Users\hinthorozuTUF\Kyrox\fair-crm\frontend\reports\full-ui-evidence\screenshots\fairs__w768.png
fairs__w769.png	769	C:\Users\hinthorozuTUF\Kyrox\fair-crm\frontend\reports\full-ui-evidence\screenshots\fairs__w769.png
fairs_id__w1023.png	1023	C:\Users\hinthorozuTUF\Kyrox\fair-crm\frontend\reports\full-ui-evidence\screenshots\fairs_id__w1023.png
fairs_id__w1024.png	1024	C:\Users\hinthorozuTUF\Kyrox\fair-crm\frontend\reports\full-ui-evidence\screenshots\fairs_id__w1024.png
fairs_id__w1025.png	1025	C:\Users\hinthorozuTUF\Kyrox\fair-crm\frontend\reports\full-ui-evidence\screenshots\fairs_id__w1025.png
fairs_id__w1439.png	1439	C:\Users\hinthorozuTUF\Kyrox\fair-crm\frontend\reports\full-ui-evidence\screenshots\fairs_id__w1439.png
fairs_id__w1440.png	1440	C:\Users\hinthorozuTUF\Kyrox\fair-crm\frontend\reports\full-ui-evidence\screenshots\fairs_id__w1440.png
fairs_id__w1441.png	1441	C:\Users\hinthorozuTUF\Kyrox\fair-crm\frontend\reports\full-ui-evidence\screenshots\fairs_id__w1441.png
fairs_id__w1920.png	1920	C:\Users\hinthorozuTUF\Kyrox\fair-crm\frontend\reports\full-ui-evidence\screenshots\fairs_id__w1920.png
fairs_id__w2560.png	2560	C:\Users\hinthorozuTUF\Kyrox\fair-crm\frontend\reports\full-ui-evidence\screenshots\fairs_id__w2560.png
fairs_id__w320.png	320	C:\Users\hinthorozuTUF\Kyrox\fair-crm\frontend\reports\full-ui-evidence\screenshots\fairs_id__w320.png
fairs_id__w3440.png	3440	C:\Users\hinthorozuTUF\Kyrox\fair-crm\frontend\reports\full-ui-evidence\screenshots\fairs_id__w3440.png
fairs_id__w3840.png	3840	C:\Users\hinthorozuTUF\Kyrox\fair-crm\frontend\reports\full-ui-evidence\screenshots\fairs_id__w3840.png
fairs_id__w390.png	390	C:\Users\hinthorozuTUF\Kyrox\fair-crm\frontend\reports\full-ui-evidence\screenshots\fairs_id__w390.png
fairs_id__w767.png	767	C:\Users\hinthorozuTUF\Kyrox\fair-crm\frontend\reports\full-ui-evidence\screenshots\fairs_id__w767.png
fairs_id__w768.png	768	C:\Users\hinthorozuTUF\Kyrox\fair-crm\frontend\reports\full-ui-evidence\screenshots\fairs_id__w768.png
fairs_id__w769.png	769	C:\Users\hinthorozuTUF\Kyrox\fair-crm\frontend\reports\full-ui-evidence\screenshots\fairs_id__w769.png
fairs_id_enrichment__w1023.png	1023	C:\Users\hinthorozuTUF\Kyrox\fair-crm\frontend\reports\full-ui-evidence\screenshots\fairs_id_enrichment__w1023.png
fairs_id_enrichment__w1024.png	1024	C:\Users\hinthorozuTUF\Kyrox\fair-crm\frontend\reports\full-ui-evidence\screenshots\fairs_id_enrichment__w1024.png
fairs_id_enrichment__w1025.png	1025	C:\Users\hinthorozuTUF\Kyrox\fair-crm\frontend\reports\full-ui-evidence\screenshots\fairs_id_enrichment__w1025.png
fairs_id_enrichment__w1439.png	1439	C:\Users\hinthorozuTUF\Kyrox\fair-crm\frontend\reports\full-ui-evidence\screenshots\fairs_id_enrichment__w1439.png
fairs_id_enrichment__w1440.png	1440	C:\Users\hinthorozuTUF\Kyrox\fair-crm\frontend\reports\full-ui-evidence\screenshots\fairs_id_enrichment__w1440.png
fairs_id_enrichment__w1441.png	1441	C:\Users\hinthorozuTUF\Kyrox\fair-crm\frontend\reports\full-ui-evidence\screenshots\fairs_id_enrichment__w1441.png
fairs_id_enrichment__w1920.png	1920	C:\Users\hinthorozuTUF\Kyrox\fair-crm\frontend\reports\full-ui-evidence\screenshots\fairs_id_enrichment__w1920.png
fairs_id_enrichment__w2560.png	2560	C:\Users\hinthorozuTUF\Kyrox\fair-crm\frontend\reports\full-ui-evidence\screenshots\fairs_id_enrichment__w2560.png
fairs_id_enrichment__w320.png	320	C:\Users\hinthorozuTUF\Kyrox\fair-crm\frontend\reports\full-ui-evidence\screenshots\fairs_id_enrichment__w320.png
fairs_id_enrichment__w3440.png	3440	C:\Users\hinthorozuTUF\Kyrox\fair-crm\frontend\reports\full-ui-evidence\screenshots\fairs_id_enrichment__w3440.png
fairs_id_enrichment__w3840.png	3840	C:\Users\hinthorozuTUF\Kyrox\fair-crm\frontend\reports\full-ui-evidence\screenshots\fairs_id_enrichment__w3840.png
fairs_id_enrichment__w390.png	390	C:\Users\hinthorozuTUF\Kyrox\fair-crm\frontend\reports\full-ui-evidence\screenshots\fairs_id_enrichment__w390.png
fairs_id_enrichment__w767.png	767	C:\Users\hinthorozuTUF\Kyrox\fair-crm\frontend\reports\full-ui-evidence\screenshots\fairs_id_enrichment__w767.png
fairs_id_enrichment__w768.png	768	C:\Users\hinthorozuTUF\Kyrox\fair-crm\frontend\reports\full-ui-evidence\screenshots\fairs_id_enrichment__w768.png
fairs_id_enrichment__w769.png	769	C:\Users\hinthorozuTUF\Kyrox\fair-crm\frontend\reports\full-ui-evidence\screenshots\fairs_id_enrichment__w769.png
follow-ups__w1023.png	1023	C:\Users\hinthorozuTUF\Kyrox\fair-crm\frontend\reports\full-ui-evidence\screenshots\follow-ups__w1023.png
follow-ups__w1024.png	1024	C:\Users\hinthorozuTUF\Kyrox\fair-crm\frontend\reports\full-ui-evidence\screenshots\follow-ups__w1024.png
follow-ups__w1025.png	1025	C:\Users\hinthorozuTUF\Kyrox\fair-crm\frontend\reports\full-ui-evidence\screenshots\follow-ups__w1025.png
follow-ups__w1439.png	1439	C:\Users\hinthorozuTUF\Kyrox\fair-crm\frontend\reports\full-ui-evidence\screenshots\follow-ups__w1439.png
follow-ups__w1440.png	1440	C:\Users\hinthorozuTUF\Kyrox\fair-crm\frontend\reports\full-ui-evidence\screenshots\follow-ups__w1440.png
follow-ups__w1441.png	1441	C:\Users\hinthorozuTUF\Kyrox\fair-crm\frontend\reports\full-ui-evidence\screenshots\follow-ups__w1441.png
follow-ups__w1920.png	1920	C:\Users\hinthorozuTUF\Kyrox\fair-crm\frontend\reports\full-ui-evidence\screenshots\follow-ups__w1920.png
follow-ups__w2560.png	2560	C:\Users\hinthorozuTUF\Kyrox\fair-crm\frontend\reports\full-ui-evidence\screenshots\follow-ups__w2560.png
follow-ups__w320.png	320	C:\Users\hinthorozuTUF\Kyrox\fair-crm\frontend\reports\full-ui-evidence\screenshots\follow-ups__w320.png
follow-ups__w3440.png	3440	C:\Users\hinthorozuTUF\Kyrox\fair-crm\frontend\reports\full-ui-evidence\screenshots\follow-ups__w3440.png
follow-ups__w3840.png	3840	C:\Users\hinthorozuTUF\Kyrox\fair-crm\frontend\reports\full-ui-evidence\screenshots\follow-ups__w3840.png
follow-ups__w390.png	390	C:\Users\hinthorozuTUF\Kyrox\fair-crm\frontend\reports\full-ui-evidence\screenshots\follow-ups__w390.png
follow-ups__w767.png	767	C:\Users\hinthorozuTUF\Kyrox\fair-crm\frontend\reports\full-ui-evidence\screenshots\follow-ups__w767.png
follow-ups__w768.png	768	C:\Users\hinthorozuTUF\Kyrox\fair-crm\frontend\reports\full-ui-evidence\screenshots\follow-ups__w768.png
follow-ups__w769.png	769	C:\Users\hinthorozuTUF\Kyrox\fair-crm\frontend\reports\full-ui-evidence\screenshots\follow-ups__w769.png
imports__w1023.png	1023	C:\Users\hinthorozuTUF\Kyrox\fair-crm\frontend\reports\full-ui-evidence\screenshots\imports__w1023.png
imports__w1024.png	1024	C:\Users\hinthorozuTUF\Kyrox\fair-crm\frontend\reports\full-ui-evidence\screenshots\imports__w1024.png
imports__w1025.png	1025	C:\Users\hinthorozuTUF\Kyrox\fair-crm\frontend\reports\full-ui-evidence\screenshots\imports__w1025.png
imports__w1439.png	1439	C:\Users\hinthorozuTUF\Kyrox\fair-crm\frontend\reports\full-ui-evidence\screenshots\imports__w1439.png
imports__w1440.png	1440	C:\Users\hinthorozuTUF\Kyrox\fair-crm\frontend\reports\full-ui-evidence\screenshots\imports__w1440.png
imports__w1441.png	1441	C:\Users\hinthorozuTUF\Kyrox\fair-crm\frontend\reports\full-ui-evidence\screenshots\imports__w1441.png
imports__w1920.png	1920	C:\Users\hinthorozuTUF\Kyrox\fair-crm\frontend\reports\full-ui-evidence\screenshots\imports__w1920.png
imports__w2560.png	2560	C:\Users\hinthorozuTUF\Kyrox\fair-crm\frontend\reports\full-ui-evidence\screenshots\imports__w2560.png
imports__w320.png	320	C:\Users\hinthorozuTUF\Kyrox\fair-crm\frontend\reports\full-ui-evidence\screenshots\imports__w320.png
imports__w3440.png	3440	C:\Users\hinthorozuTUF\Kyrox\fair-crm\frontend\reports\full-ui-evidence\screenshots\imports__w3440.png
imports__w3840.png	3840	C:\Users\hinthorozuTUF\Kyrox\fair-crm\frontend\reports\full-ui-evidence\screenshots\imports__w3840.png
imports__w390.png	390	C:\Users\hinthorozuTUF\Kyrox\fair-crm\frontend\reports\full-ui-evidence\screenshots\imports__w390.png
imports__w767.png	767	C:\Users\hinthorozuTUF\Kyrox\fair-crm\frontend\reports\full-ui-evidence\screenshots\imports__w767.png
imports__w768.png	768	C:\Users\hinthorozuTUF\Kyrox\fair-crm\frontend\reports\full-ui-evidence\screenshots\imports__w768.png
imports__w769.png	769	C:\Users\hinthorozuTUF\Kyrox\fair-crm\frontend\reports\full-ui-evidence\screenshots\imports__w769.png
imports_fair_fairId__w1023.png	1023	C:\Users\hinthorozuTUF\Kyrox\fair-crm\frontend\reports\full-ui-evidence\screenshots\imports_fair_fairId__w1023.png
imports_fair_fairId__w1024.png	1024	C:\Users\hinthorozuTUF\Kyrox\fair-crm\frontend\reports\full-ui-evidence\screenshots\imports_fair_fairId__w1024.png
imports_fair_fairId__w1025.png	1025	C:\Users\hinthorozuTUF\Kyrox\fair-crm\frontend\reports\full-ui-evidence\screenshots\imports_fair_fairId__w1025.png
imports_fair_fairId__w1439.png	1439	C:\Users\hinthorozuTUF\Kyrox\fair-crm\frontend\reports\full-ui-evidence\screenshots\imports_fair_fairId__w1439.png
imports_fair_fairId__w1440.png	1440	C:\Users\hinthorozuTUF\Kyrox\fair-crm\frontend\reports\full-ui-evidence\screenshots\imports_fair_fairId__w1440.png
imports_fair_fairId__w1441.png	1441	C:\Users\hinthorozuTUF\Kyrox\fair-crm\frontend\reports\full-ui-evidence\screenshots\imports_fair_fairId__w1441.png
imports_fair_fairId__w1920.png	1920	C:\Users\hinthorozuTUF\Kyrox\fair-crm\frontend\reports\full-ui-evidence\screenshots\imports_fair_fairId__w1920.png
imports_fair_fairId__w2560.png	2560	C:\Users\hinthorozuTUF\Kyrox\fair-crm\frontend\reports\full-ui-evidence\screenshots\imports_fair_fairId__w2560.png
imports_fair_fairId__w320.png	320	C:\Users\hinthorozuTUF\Kyrox\fair-crm\frontend\reports\full-ui-evidence\screenshots\imports_fair_fairId__w320.png
imports_fair_fairId__w3440.png	3440	C:\Users\hinthorozuTUF\Kyrox\fair-crm\frontend\reports\full-ui-evidence\screenshots\imports_fair_fairId__w3440.png
imports_fair_fairId__w3840.png	3840	C:\Users\hinthorozuTUF\Kyrox\fair-crm\frontend\reports\full-ui-evidence\screenshots\imports_fair_fairId__w3840.png
imports_fair_fairId__w390.png	390	C:\Users\hinthorozuTUF\Kyrox\fair-crm\frontend\reports\full-ui-evidence\screenshots\imports_fair_fairId__w390.png
imports_fair_fairId__w767.png	767	C:\Users\hinthorozuTUF\Kyrox\fair-crm\frontend\reports\full-ui-evidence\screenshots\imports_fair_fairId__w767.png
imports_fair_fairId__w768.png	768	C:\Users\hinthorozuTUF\Kyrox\fair-crm\frontend\reports\full-ui-evidence\screenshots\imports_fair_fairId__w768.png
imports_fair_fairId__w769.png	769	C:\Users\hinthorozuTUF\Kyrox\fair-crm\frontend\reports\full-ui-evidence\screenshots\imports_fair_fairId__w769.png
login__w1023.png	1023	C:\Users\hinthorozuTUF\Kyrox\fair-crm\frontend\reports\full-ui-evidence\screenshots\login__w1023.png
login__w1024.png	1024	C:\Users\hinthorozuTUF\Kyrox\fair-crm\frontend\reports\full-ui-evidence\screenshots\login__w1024.png
login__w1025.png	1025	C:\Users\hinthorozuTUF\Kyrox\fair-crm\frontend\reports\full-ui-evidence\screenshots\login__w1025.png
login__w1439.png	1439	C:\Users\hinthorozuTUF\Kyrox\fair-crm\frontend\reports\full-ui-evidence\screenshots\login__w1439.png
login__w1440.png	1440	C:\Users\hinthorozuTUF\Kyrox\fair-crm\frontend\reports\full-ui-evidence\screenshots\login__w1440.png
login__w1441.png	1441	C:\Users\hinthorozuTUF\Kyrox\fair-crm\frontend\reports\full-ui-evidence\screenshots\login__w1441.png
login__w1920.png	1920	C:\Users\hinthorozuTUF\Kyrox\fair-crm\frontend\reports\full-ui-evidence\screenshots\login__w1920.png
login__w2560.png	2560	C:\Users\hinthorozuTUF\Kyrox\fair-crm\frontend\reports\full-ui-evidence\screenshots\login__w2560.png
login__w320.png	320	C:\Users\hinthorozuTUF\Kyrox\fair-crm\frontend\reports\full-ui-evidence\screenshots\login__w320.png
login__w3440.png	3440	C:\Users\hinthorozuTUF\Kyrox\fair-crm\frontend\reports\full-ui-evidence\screenshots\login__w3440.png
login__w3840.png	3840	C:\Users\hinthorozuTUF\Kyrox\fair-crm\frontend\reports\full-ui-evidence\screenshots\login__w3840.png
login__w390.png	390	C:\Users\hinthorozuTUF\Kyrox\fair-crm\frontend\reports\full-ui-evidence\screenshots\login__w390.png
login__w767.png	767	C:\Users\hinthorozuTUF\Kyrox\fair-crm\frontend\reports\full-ui-evidence\screenshots\login__w767.png
login__w768.png	768	C:\Users\hinthorozuTUF\Kyrox\fair-crm\frontend\reports\full-ui-evidence\screenshots\login__w768.png
login__w769.png	769	C:\Users\hinthorozuTUF\Kyrox\fair-crm\frontend\reports\full-ui-evidence\screenshots\login__w769.png
todos__w1023.png	1023	C:\Users\hinthorozuTUF\Kyrox\fair-crm\frontend\reports\full-ui-evidence\screenshots\todos__w1023.png
todos__w1024.png	1024	C:\Users\hinthorozuTUF\Kyrox\fair-crm\frontend\reports\full-ui-evidence\screenshots\todos__w1024.png
todos__w1025.png	1025	C:\Users\hinthorozuTUF\Kyrox\fair-crm\frontend\reports\full-ui-evidence\screenshots\todos__w1025.png
todos__w1439.png	1439	C:\Users\hinthorozuTUF\Kyrox\fair-crm\frontend\reports\full-ui-evidence\screenshots\todos__w1439.png
todos__w1440.png	1440	C:\Users\hinthorozuTUF\Kyrox\fair-crm\frontend\reports\full-ui-evidence\screenshots\todos__w1440.png
todos__w1441.png	1441	C:\Users\hinthorozuTUF\Kyrox\fair-crm\frontend\reports\full-ui-evidence\screenshots\todos__w1441.png
todos__w1920.png	1920	C:\Users\hinthorozuTUF\Kyrox\fair-crm\frontend\reports\full-ui-evidence\screenshots\todos__w1920.png
todos__w2560.png	2560	C:\Users\hinthorozuTUF\Kyrox\fair-crm\frontend\reports\full-ui-evidence\screenshots\todos__w2560.png
todos__w320.png	320	C:\Users\hinthorozuTUF\Kyrox\fair-crm\frontend\reports\full-ui-evidence\screenshots\todos__w320.png
todos__w3440.png	3440	C:\Users\hinthorozuTUF\Kyrox\fair-crm\frontend\reports\full-ui-evidence\screenshots\todos__w3440.png
todos__w3840.png	3840	C:\Users\hinthorozuTUF\Kyrox\fair-crm\frontend\reports\full-ui-evidence\screenshots\todos__w3840.png
todos__w390.png	390	C:\Users\hinthorozuTUF\Kyrox\fair-crm\frontend\reports\full-ui-evidence\screenshots\todos__w390.png
todos__w767.png	767	C:\Users\hinthorozuTUF\Kyrox\fair-crm\frontend\reports\full-ui-evidence\screenshots\todos__w767.png
todos__w768.png	768	C:\Users\hinthorozuTUF\Kyrox\fair-crm\frontend\reports\full-ui-evidence\screenshots\todos__w768.png
todos__w769.png	769	C:\Users\hinthorozuTUF\Kyrox\fair-crm\frontend\reports\full-ui-evidence\screenshots\todos__w769.png
todos_id__w1023.png	1023	C:\Users\hinthorozuTUF\Kyrox\fair-crm\frontend\reports\full-ui-evidence\screenshots\todos_id__w1023.png
todos_id__w1024.png	1024	C:\Users\hinthorozuTUF\Kyrox\fair-crm\frontend\reports\full-ui-evidence\screenshots\todos_id__w1024.png
todos_id__w1025.png	1025	C:\Users\hinthorozuTUF\Kyrox\fair-crm\frontend\reports\full-ui-evidence\screenshots\todos_id__w1025.png
todos_id__w1439.png	1439	C:\Users\hinthorozuTUF\Kyrox\fair-crm\frontend\reports\full-ui-evidence\screenshots\todos_id__w1439.png
todos_id__w1440.png	1440	C:\Users\hinthorozuTUF\Kyrox\fair-crm\frontend\reports\full-ui-evidence\screenshots\todos_id__w1440.png
todos_id__w1441.png	1441	C:\Users\hinthorozuTUF\Kyrox\fair-crm\frontend\reports\full-ui-evidence\screenshots\todos_id__w1441.png
todos_id__w1920.png	1920	C:\Users\hinthorozuTUF\Kyrox\fair-crm\frontend\reports\full-ui-evidence\screenshots\todos_id__w1920.png
todos_id__w2560.png	2560	C:\Users\hinthorozuTUF\Kyrox\fair-crm\frontend\reports\full-ui-evidence\screenshots\todos_id__w2560.png
todos_id__w320.png	320	C:\Users\hinthorozuTUF\Kyrox\fair-crm\frontend\reports\full-ui-evidence\screenshots\todos_id__w320.png
todos_id__w3440.png	3440	C:\Users\hinthorozuTUF\Kyrox\fair-crm\frontend\reports\full-ui-evidence\screenshots\todos_id__w3440.png
todos_id__w3840.png	3840	C:\Users\hinthorozuTUF\Kyrox\fair-crm\frontend\reports\full-ui-evidence\screenshots\todos_id__w3840.png
todos_id__w390.png	390	C:\Users\hinthorozuTUF\Kyrox\fair-crm\frontend\reports\full-ui-evidence\screenshots\todos_id__w390.png
todos_id__w767.png	767	C:\Users\hinthorozuTUF\Kyrox\fair-crm\frontend\reports\full-ui-evidence\screenshots\todos_id__w767.png
todos_id__w768.png	768	C:\Users\hinthorozuTUF\Kyrox\fair-crm\frontend\reports\full-ui-evidence\screenshots\todos_id__w768.png
todos_id__w769.png	769	C:\Users\hinthorozuTUF\Kyrox\fair-crm\frontend\reports\full-ui-evidence\screenshots\todos_id__w769.png
